"Data","Último","Abertura","Máxima","Mínima","Vol.","Var%"
"13 de set. de 2022","5,1911","5,0918","5,2092","5,0766","177,68K","1,93%"
"12 de set. de 2022","5,0930","5,1477","5,1477","5,0834","126,68K","-1,06%"
"09 de set. de 2022","5,1477","5,2143","5,2146","5,1378","151,12K","-1,27%"
"08 de set. de 2022","5,2141","5,2483","5,2523","5,1783","195,76K","-0,65%"
"07 de set. de 2022","5,2480","5,2507","5,2507","5,2483","34,56K","-0,09%"
"06 de set. de 2022","5,2528","5,1547","5,2539","5,1532","134,86K","1,96%"
"05 de set. de 2022","5,1516","5,1660","5,1905","5,1495","93,71K","-0,32%"
"02 de set. de 2022","5,1681","5,2422","5,2422","5,1575","153,53K","-1,40%"
"01 de set. de 2022","5,2416","5,1833","5,2577","5,1462","169,57K","1,13%"
"31 de ago. de 2022","5,1831","5,1229","5,2122","5,1229","158,17K","1,19%"
"30 de ago. de 2022","5,1223","5,0285","5,1259","5,0076","161,49K","1,87%"
"29 de ago. de 2022","5,0282","5,0608","5,0917","5,0100","119,96K","-0,63%"
"26 de ago. de 2022","5,0601","5,1102","5,1175","5,0540","165,72K","-0,97%"
"25 de ago. de 2022","5,1099","5,1114","5,1437","5,0852","132,30K","-0,03%"
"24 de ago. de 2022","5,1114","5,1050","5,1244","5,0802","128,42K","0,15%"
"23 de ago. de 2022","5,1037","5,1576","5,1579","5,0700","131,87K","-1,04%"
"22 de ago. de 2022","5,1574","5,1706","5,2046","5,1498","123,06K","-0,24%"
"19 de ago. de 2022","5,1697","5,1694","5,2199","5,1648","132,82K","0,04%"
"18 de ago. de 2022","5,1674","5,1655","5,2074","5,1283","149,11K","0,06%"
"17 de ago. de 2022","5,1642","5,1469","5,2144","5,1452","167,02K","0,36%"
"16 de ago. de 2022","5,1459","5,0987","5,1549","5,0965","148,45K","0,98%"
"15 de ago. de 2022","5,0961","5,0721","5,1409","5,0721","130,15K","0,45%"
"12 de ago. de 2022","5,0735","5,1592","5,1649","5,0640","154,88K","-1,64%"
"11 de ago. de 2022","5,1581","5,0945","5,1712","5,0605","166,77K","1,28%"
"10 de ago. de 2022","5,0927","5,1249","5,1421","5,0342","148,33K","-0,61%"
"09 de ago. de 2022","5,1237","5,1129","5,1522","5,0926","122,15K","0,23%"
"08 de ago. de 2022","5,1117","5,1638","5,1638","5,1023","130,57K","-1,02%"
"05 de ago. de 2022","5,1646","5,2145","5,2782","5,1553","160,22K","-0,99%"
"04 de ago. de 2022","5,2164","5,2844","5,2959","5,1986","165,48K","-1,23%"
"03 de ago. de 2022","5,2815","5,2796","5,3163","5,2430","139,46K","0,06%"
"02 de ago. de 2022","5,2784","5,1856","5,2850","5,1856","188,78K","1,82%"
"01 de ago. de 2022","5,1838","5,1759","5,2050","5,1269","165,25K","0,20%"
"29 de jul. de 2022","5,1734","5,1842","5,2221","5,1448","165,18K","-0,17%"
"28 de jul. de 2022","5,1823","5,2442","5,2740","5,1578","165,07K","-1,16%"
"27 de jul. de 2022","5,2432","5,3517","5,3526","5,2372","176,20K","-2,02%"
"26 de jul. de 2022","5,3511","5,3576","5,3931","5,3345","172,29K","-0,12%"
"25 de jul. de 2022","5,3576","5,4987","5,5010","5,3566","131,71K","-2,53%"
"22 de jul. de 2022","5,4968","5,4993","5,5047","5,4349","167,41K","0,00%"
"21 de jul. de 2022","5,4968","5,4720","5,5152","5,4289","160,55K","0,46%"
"20 de jul. de 2022","5,4714","5,4144","5,4729","5,3889","166,16K","1,07%"
"19 de jul. de 2022","5,4135","5,4381","5,4381","5,3646","156,26K","-0,44%"
"18 de jul. de 2022","5,4375","5,4092","5,4392","5,3517","144,65K","0,54%"
"15 de jul. de 2022","5,4082","5,4239","5,4492","5,3745","161,64K","-0,28%"
"14 de jul. de 2022","5,4233","5,3930","5,4906","5,3930","162,28K","0,59%"
"13 de jul. de 2022","5,3917","5,4377","5,4667","5,3609","158,35K","-0,83%"
"12 de jul. de 2022","5,4368","5,3786","5,4434","5,3695","160,72K","1,09%"
"11 de jul. de 2022","5,3782","5,2551","5,3864","5,2551","137,80K","2,37%"
"08 de jul. de 2022","5,2536","5,3399","5,3696","5,2501","139,05K","-1,60%"
"07 de jul. de 2022","5,3391","5,4299","5,4303","5,3296","126,03K","-1,65%"
"06 de jul. de 2022","5,4287","5,3870","5,4627","5,3870","171,59K","0,79%"
"05 de jul. de 2022","5,3861","5,3299","5,4043","5,3287","157,06K","1,07%"
"04 de jul. de 2022","5,3293","5,3307","5,3352","5,2871","90,87K","-0,03%"
"01 de jul. de 2022","5,3310","5,2569","5,3402","5,2527","163,64K","1,42%"
"30 de jun. de 2022","5,2562","5,1828","5,2715","5,1779","152,09K","1,44%"
"29 de jun. de 2022","5,1818","5,2680","5,2734","5,1754","172,12K","-1,63%"
"28 de jun. de 2022","5,2675","5,2387","5,2792","5,1876","170,34K","0,59%"
"27 de jun. de 2022","5,2366","5,2423","5,2755","5,2018","127,90K","-0,10%"
"24 de jun. de 2022","5,2417","5,2393","5,2763","5,2027","146,38K","0,02%"
"23 de jun. de 2022","5,2406","5,1944","5,2477","5,1659","165,48K","0,90%"
"22 de jun. de 2022","5,1940","5,1255","5,1962","5,1255","153,13K","1,33%"
"21 de jun. de 2022","5,1257","5,1905","5,1910","5,1167","159,30K","-1,20%"
"20 de jun. de 2022","5,1880","5,1534","5,1944","5,1361","111,14K","0,70%"
"17 de jun. de 2022","5,1518","5,0540","5,1561","5,0540","166,35K","1,95%"
"16 de jun. de 2022","5,0535","5,0538","5,0551","5,0538","","0,00%"
"15 de jun. de 2022","5,0536","5,1178","5,1350","5,0176","205,38K","-1,24%"
"14 de jun. de 2022","5,1168","5,1151","5,1519","5,0859","189,42K","0,03%"
"13 de jun. de 2022","5,1154","4,9890","5,1383","4,9890","165,74K","2,58%"
"10 de jun. de 2022","4,9865","4,9048","5,0124","4,8815","149,08K","1,67%"
"09 de jun. de 2022","4,9048","4,8998","4,9201","4,8664","117,52K","0,12%"
"08 de jun. de 2022","4,8988","4,8712","4,9082","4,8450","164,23K","0,60%"
"07 de jun. de 2022","4,8696","4,7958","4,9352","4,7913","163,98K","1,57%"
"06 de jun. de 2022","4,7945","4,7765","4,8073","4,7467","113,33K","0,44%"
"03 de jun. de 2022","4,7734","4,7970","4,8321","4,7715","145,38K","-0,48%"
"02 de jun. de 2022","4,7962","4,8169","4,8169","4,7710","131,79K","-0,39%"
"01 de jun. de 2022","4,8151","4,7319","4,8180","4,7218","155,81K","1,77%"
"31 de mai. de 2022","4,7315","4,7538","4,7793","4,6975","136,07K","-0,44%"
"30 de mai. de 2022","4,7526","4,7311","4,7568","4,6904","97,49K","0,49%"
"27 de mai. de 2022","4,7295","4,7700","4,7818","4,7147","154,34K","-0,80%"
"26 de mai. de 2022","4,7677","4,8260","4,8442","4,7501","146,46K","-1,24%"
"25 de mai. de 2022","4,8275","4,8190","4,8644","4,8047","155,93K","0,17%"
"24 de mai. de 2022","4,8191","4,8125","4,8548","4,7750","173,82K","0,13%"
"23 de mai. de 2022","4,8130","4,8797","4,8797","4,7847","114,67K","-1,35%"
"20 de mai. de 2022","4,8788","4,9314","4,9314","4,8519","156,11K","-1,06%"
"19 de mai. de 2022","4,9309","4,9688","4,9694","4,8790","138,85K","-0,75%"
"18 de mai. de 2022","4,9682","4,9372","5,0005","4,9197","101,92K","0,60%"
"17 de mai. de 2022","4,9387","5,0617","5,0617","4,9261","99,97K","-2,40%"
"16 de mai. de 2022","5,0599","5,0647","5,1045","5,0307","101,02K","-0,01%"
"13 de mai. de 2022","5,0602","5,1347","5,1502","5,0455","87,46K","-1,44%"
"12 de mai. de 2022","5,1339","5,1380","5,2102","5,1050","140,21K","-0,07%"
"11 de mai. de 2022","5,1373","5,1328","5,1717","5,0910","125,83K","0,12%"
"10 de mai. de 2022","5,1313","5,1622","5,1666","5,1090","131,93K","-0,59%"
"09 de mai. de 2022","5,1617","5,0784","5,1625","5,0784","132,22K","1,66%"
"06 de mai. de 2022","5,0774","5,0293","5,1150","5,0070","158,90K","0,98%"
"05 de mai. de 2022","5,0280","4,9200","5,0589","4,9173","147,31K","2,20%"
"04 de mai. de 2022","4,9198","4,9563","5,0368","4,8921","129,09K","-0,78%"
"03 de mai. de 2022","4,9584","5,0841","5,0841","4,9559","110,69K","-2,49%"
"02 de mai. de 2022","5,0848","4,9692","5,0940","4,9657","126,82K","2,27%"
"29 de abr. de 2022","4,9721","4,9404","4,9819","4,8588","119,04K","0,60%"
"28 de abr. de 2022","4,9425","4,9654","5,0461","4,9351","115,86K","-0,46%"
"27 de abr. de 2022","4,9651","4,9992","5,0405","4,9277","155,70K","-0,68%"
"26 de abr. de 2022","4,9989","4,8777","5,0023","4,8777","107,70K","2,51%"
"25 de abr. de 2022","4,8766","4,7974","4,9490","4,7974","121,29K","1,73%"
"22 de abr. de 2022","4,7937","4,6214","4,8393","4,6214","87,37K","3,71%"
"21 de abr. de 2022","4,6220","4,6224","4,6225","4,6224","","0,00%"
"20 de abr. de 2022","4,6219","4,6663","4,6803","4,6080","78,00K","-0,98%"
"19 de abr. de 2022","4,6675","4,6536","4,6866","4,6379","82,41K","0,32%"
"18 de abr. de 2022","4,6527","4,6971","4,7091","4,6438","59,88K","-0,93%"
"15 de abr. de 2022","4,6965","4,6971","4,6971","4,6970","0,01K","-0,10%"
"14 de abr. de 2022","4,7013","4,6880","4,7417","4,6854","79,83K","0,24%"
"13 de abr. de 2022","4,6899","4,6780","4,7056","4,6512","77,50K","0,35%"
"12 de abr. de 2022","4,6735","4,6892","4,6958","4,6215","89,54K","-0,45%"
"11 de abr. de 2022","4,6944","4,7056","4,7397","4,6783","90,17K","-0,06%"
"08 de abr. de 2022","4,6970","4,7534","4,7950","4,6935","82,52K","-1,17%"
"07 de abr. de 2022","4,7524","4,7093","4,7733","4,6894","89,23K","0,77%"
"06 de abr. de 2022","4,7161","4,6523","4,7263","4,6460","95,12K","1,41%"
"05 de abr. de 2022","4,6506","4,5950","4,6742","4,5805","88,39K","1,26%"
"04 de abr. de 2022","4,5928","4,6595","4,6751","4,5885","61,19K","-1,39%"
"01 de abr. de 2022","4,6575","4,7408","4,7408","4,6525","82,68K","-1,72%"
"31 de mar. de 2022","4,7390","4,7709","4,7965","4,7215","80,74K","-0,62%"
"30 de mar. de 2022","4,7685","4,7580","4,7924","4,7252","75,89K","0,26%"
"29 de mar. de 2022","4,7561","4,7680","4,7850","4,7148","99,42K","-0,24%"
"28 de mar. de 2022","4,7675","4,7526","4,8196","4,7326","86,53K","0,54%"
"25 de mar. de 2022","4,7420","4,8273","4,8298","4,7297","84,54K","-1,73%"
"24 de mar. de 2022","4,8253","4,8263","4,8591","4,7649","103,23K","-0,01%"
"23 de mar. de 2022","4,8258","4,9108","4,9214","4,8215","76,65K","-1,70%"
"22 de mar. de 2022","4,9094","4,9366","4,9514","4,9048","78,97K","-0,53%"
"21 de mar. de 2022","4,9354","5,0245","5,0299","4,9309","85,62K","-1,75%"
"18 de mar. de 2022","5,0231","5,0406","5,0760","4,9924","80,61K","-0,32%"
"17 de mar. de 2022","5,0390","5,0778","5,1080","5,0279","81,57K","-0,72%"
"16 de mar. de 2022","5,0757","5,1599","5,1599","5,0718","106,55K","-1,69%"
"15 de mar. de 2022","5,1631","5,1224","5,1700","5,0922","73,29K","0,86%"
"14 de mar. de 2022","5,1193","5,0591","5,1402","5,0373","86,61K","0,88%"
"11 de mar. de 2022","5,0745","5,0132","5,0820","4,9820","77,23K","1,27%"
"10 de mar. de 2022","5,0110","5,0150","5,0765","5,0101","82,63K","-0,03%"
"09 de mar. de 2022","5,0123","5,0286","5,0363","4,9850","88,21K","-0,94%"
"08 de mar. de 2022","5,0599","5,0813","5,1011","5,0446","117,62K","-1,01%"
"07 de mar. de 2022","5,1115","5,0785","5,1152","5,0280","99,80K","0,98%"
"04 de mar. de 2022","5,0620","5,0517","5,1017","5,0227","102,09K","0,60%"
"03 de mar. de 2022","5,0320","5,0978","5,1155","5,0188","97,21K","-1,32%"
"02 de mar. de 2022","5,0995","5,2144","5,2233","5,0866","43,07K","-1,16%"
"01 de mar. de 2022","5,1595","5,1605","5,1605","5,1605","","-0,01%"
"28 de fev. de 2022","5,1599","5,1638","5,1654","5,1600","0,02K","-0,05%"
"25 de fev. de 2022","5,1623","5,1199","5,1810","5,0785","94,23K","0,77%"
"24 de fev. de 2022","5,1231","5,0050","5,1640","5,0050","109,51K","2,26%"
"23 de fev. de 2022","5,0097","5,0621","5,0621","4,9939","76,78K","-0,96%"
"22 de fev. de 2022","5,0583","5,1080","5,1080","5,0437","89,78K","-0,89%"
"21 de fev. de 2022","5,1036","5,1374","5,1552","5,0746","69,14K","-0,68%"
"18 de fev. de 2022","5,1385","5,1718","5,1766","5,1088","82,29K","-0,64%"
"17 de fev. de 2022","5,1718","5,1360","5,1840","5,1238","74,30K","0,69%"
"16 de fev. de 2022","5,1365","5,1600","5,1782","5,1225","81,54K","-0,44%"
"15 de fev. de 2022","5,1590","5,2188","5,2212","5,1585","80,07K","-1,07%"
"14 de fev. de 2022","5,2149","5,2560","5,2670","5,1954","98,44K","-0,72%"
"11 de fev. de 2022","5,2527","5,2365","5,2659","5,1805","113,44K","0,06%"
"10 de fev. de 2022","5,2496","5,2389","5,2557","5,1727","111,97K","0,27%"
"09 de fev. de 2022","5,2354","5,2600","5,2910","5,2126","74,37K","-0,45%"
"08 de fev. de 2022","5,2593","5,2634","5,2900","5,2508","67,62K","-0,08%"
"07 de fev. de 2022","5,2636","5,3260","5,3283","5,2491","72,48K","-1,21%"
"04 de fev. de 2022","5,3279","5,3027","5,3509","5,2778","86,45K","0,83%"
"03 de fev. de 2022","5,2839","5,2765","5,3232","5,2717","87,80K","0,42%"
"02 de fev. de 2022","5,2620","5,2687","5,3151","5,2540","62,25K","-0,07%"
"01 de fev. de 2022","5,2655","5,2983","5,3182","5,2639","75,45K","-0,73%"
"31 de jan. de 2022","5,3041","5,3698","5,3981","5,2838","85,28K","-1,18%"
"28 de jan. de 2022","5,3674","5,4099","5,4331","5,3664","89,11K","-0,72%"
"27 de jan. de 2022","5,4065","5,4336","5,4355","5,3532","108,44K","-0,48%"
"26 de jan. de 2022","5,4324","5,4456","5,4676","5,3918","95,55K","-0,21%"
"25 de jan. de 2022","5,4437","5,4880","5,5220","5,4278","92,16K","-0,80%"
"24 de jan. de 2022","5,4877","5,4528","5,5251","5,4528","112,20K","0,54%"
"21 de jan. de 2022","5,4582","5,4220","5,4752","5,4035","104,55K","0,72%"
"20 de jan. de 2022","5,4191","5,4428","5,4620","5,3790","87,17K","-0,35%"
"19 de jan. de 2022","5,4383","5,5484","5,5527","5,4372","86,80K","-2,30%"
"18 de jan. de 2022","5,5666","5,5217","5,5832","5,5043","77,79K","0,91%"
"17 de jan. de 2022","5,5165","5,5352","5,5390","5,4940","45,33K","-0,32%"
"14 de jan. de 2022","5,5344","5,5287","5,5537","5,5080","77,47K","0,10%"
"13 de jan. de 2022","5,5286","5,5350","5,5560","5,5005","73,25K","-0,09%"
"12 de jan. de 2022","5,5338","5,5660","5,6012","5,5195","80,10K","-0,62%"
"11 de jan. de 2022","5,5686","5,6657","5,6761","5,5635","77,83K","-1,67%"
"10 de jan. de 2022","5,6633","5,6340","5,6930","5,6286","60,86K","0,49%"
"07 de jan. de 2022","5,6355","5,6869","5,7106","5,6191","70,87K","-0,84%"
"06 de jan. de 2022","5,6834","5,6878","5,7255","5,6694","80,38K","-0,44%"
"05 de jan. de 2022","5,7087","5,6774","5,7242","5,6418","84,55K","0,56%"
"04 de jan. de 2022","5,6770","5,6666","5,7112","5,6371","82,13K","-0,08%"
"03 de jan. de 2022","5,6818","5,5668","5,6827","5,5564","68,61K","2,00%"
"31 de dez. de 2021","5,5703","5,5715","5,5717","5,5711","","-0,01%"
"30 de dez. de 2021","5,5710","5,6957","5,7039","5,5469","79,86K","-2,32%"
"29 de dez. de 2021","5,7032","5,6356","5,7105","5,6235","53,92K","1,33%"
"28 de dez. de 2021","5,6283","5,6262","5,6627","5,6195","58,79K","0,06%"
"27 de dez. de 2021","5,6249","5,6701","5,7067","5,6236","57,67K","-0,88%"
"24 de dez. de 2021","5,6750","5,6753","5,6753","5,6753","0,00K","0,00%"
"23 de dez. de 2021","5,6749","5,6554","5,7193","5,6259","65,47K","0,37%"
"22 de dez. de 2021","5,6540","5,7425","5,7442","5,6470","58,08K","-1,59%"
"21 de dez. de 2021","5,7451","5,7417","5,7579","5,7112","59,06K","0,05%"
"20 de dez. de 2021","5,7420","5,7141","5,7467","5,6892","73,83K","0,81%"
"17 de dez. de 2021","5,6959","5,6887","5,7167","5,6610","70,97K","0,13%"
"16 de dez. de 2021","5,6884","5,6693","5,7256","5,6589","79,16K","0,14%"
"15 de dez. de 2021","5,6806","5,6873","5,7364","5,6574","87,11K","-0,02%"
"14 de dez. de 2021","5,6815","5,6681","5,6986","5,6179","68,43K","0,02%"
"13 de dez. de 2021","5,6804","5,6105","5,6813","5,6012","60,01K","1,21%"
"10 de dez. de 2021","5,6127","5,5599","5,6358","5,5580","67,76K","0,72%"
"09 de dez. de 2021","5,5727","5,5374","5,5999","5,5175","65,64K","0,72%"
"08 de dez. de 2021","5,5327","5,6027","5,6364","5,5256","73,52K","-1,43%"
"07 de dez. de 2021","5,6128","5,6890","5,6890","5,6085","73,12K","-1,34%"
"06 de dez. de 2021","5,6891","5,6532","5,7029","5,6350","74,38K","0,64%"
"03 de dez. de 2021","5,6532","5,6514","5,6864","5,6006","104,84K","0,12%"
"02 de dez. de 2021","5,6462","5,6632","5,6790","5,6139","98,57K","-0,87%"
"01 de dez. de 2021","5,6955","5,6243","5,6959","5,5770","83,43K","1,27%"
"30 de nov. de 2021","5,6239","5,6037","5,6704","5,5778","91,94K","0,40%"
"29 de nov. de 2021","5,6017","5,6085","5,6403","5,5794","63,30K","-0,14%"
"26 de nov. de 2021","5,6093","5,6561","5,6561","5,5719","86,29K","0,77%"
"25 de nov. de 2021","5,5664","5,5925","5,5991","5,5479","46,00K","-0,71%"
"24 de nov. de 2021","5,6061","5,5712","5,6235","5,5540","79,82K","0,63%"
"23 de nov. de 2021","5,5712","5,5854","5,6636","5,5672","81,61K","-0,27%"
"22 de nov. de 2021","5,5865","5,6013","5,6144","5,5620","65,81K","-0,48%"
"19 de nov. de 2021","5,6135","5,5782","5,6151","5,5208","71,11K","1,01%"
"18 de nov. de 2021","5,5576","5,5291","5,5775","5,5237","67,63K","0,51%"
"17 de nov. de 2021","5,5292","5,4986","5,5359","5,4655","86,98K","0,48%"
"16 de nov. de 2021","5,5028","5,4591","5,5093","5,4296","84,35K","0,83%"
"15 de nov. de 2021","5,4575","5,4570","5,4580","5,4570","0,01K","-0,02%"
"12 de nov. de 2021","5,4588","5,4044","5,4686","5,3927","66,90K","1,11%"
"11 de nov. de 2021","5,3989","5,4945","5,4945","5,3879","60,63K","-1,68%"
"10 de nov. de 2021","5,4910","5,5010","5,5103","5,4357","81,55K","0,19%"
"09 de nov. de 2021","5,4804","5,5477","5,5495","5,4559","79,60K","-1,15%"
"08 de nov. de 2021","5,5440","5,5667","5,5979","5,5328","57,87K","0,02%"
"05 de nov. de 2021","5,5428","5,5988","5,6075","5,5012","82,66K","-1,06%"
"04 de nov. de 2021","5,6020","5,5880","5,6281","5,5627","80,61K","0,89%"
"03 de nov. de 2021","5,5525","5,6807","5,7000","5,5447","117,85K","-2,24%"
"02 de nov. de 2021","5,6795","5,6849","5,6849","5,6800","","-0,04%"
"01 de nov. de 2021","5,6815","5,6221","5,6888","5,6206","76,19K","0,79%"
"29 de out. de 2021","5,6372","5,6464","5,6636","5,5972","106,78K","-0,16%"
"28 de out. de 2021","5,6464","5,5374","5,6636","5,5367","91,21K","1,96%"
"27 de out. de 2021","5,5380","5,5668","5,5924","5,5367","92,77K","-0,51%"
"26 de out. de 2021","5,5666","5,5557","5,6068","5,5466","94,28K","0,19%"
"25 de out. de 2021","5,5563","5,6533","5,6587","5,5367","82,92K","-1,61%"
"22 de out. de 2021","5,6474","5,6584","5,7547","5,6214","106,51K","-0,18%"
"21 de out. de 2021","5,6577","5,5987","5,6907","5,5979","114,69K","1,08%"
"20 de out. de 2021","5,5975","5,5851","5,6026","5,5198","116,34K","0,23%"
"19 de out. de 2021","5,5844","5,5128","5,6125","5,5128","103,45K","1,32%"
"18 de out. de 2021","5,5117","5,4576","5,5434","5,4576","78,21K","0,93%"
"15 de out. de 2021","5,4611","5,5139","5,5139","5,4337","75,82K","-0,94%"
"14 de out. de 2021","5,5132","5,5139","5,5308","5,4670","85,68K","0,00%"
"13 de out. de 2021","5,5133","5,5368","5,5737","5,4988","103,23K","-0,35%"
"12 de out. de 2021","5,5325","5,5370","5,5372","5,5328","0,01K","-0,08%"
"11 de out. de 2021","5,5367","5,5073","5,5445","5,4946","80,33K","0,52%"
"08 de out. de 2021","5,5082","5,5187","5,5324","5,4768","105,08K","-0,19%"
"07 de out. de 2021","5,5188","5,4937","5,5295","5,4667","98,04K","0,50%"
"06 de out. de 2021","5,4912","5,4770","5,5381","5,4755","124,78K","0,30%"
"05 de out. de 2021","5,4748","5,4546","5,4879","5,4240","95,97K","0,39%"
"04 de out. de 2021","5,4535","5,3614","5,4593","5,3614","103,70K","1,69%"
"01 de out. de 2021","5,3628","5,4432","5,4432","5,3527","77,20K","-1,47%"
"30 de set. de 2021","5,4428","5,4120","5,4767","5,3668","136,06K","0,51%"
"29 de set. de 2021","5,4152","5,4292","5,4471","5,3913","110,85K","-0,26%"
"28 de set. de 2021","5,4293","5,3920","5,4521","5,3863","107,57K","0,70%"
"27 de set. de 2021","5,3914","5,3384","5,3945","5,3067","87,73K","1,07%"
"24 de set. de 2021","5,3344","5,3039","5,3549","5,3023","72,83K","0,59%"
"23 de set. de 2021","5,3030","5,2618","5,3124","5,2561","83,22K","0,27%"
"22 de set. de 2021","5,2888","5,2706","5,3191","5,2495","110,07K","0,36%"
"21 de set. de 2021","5,2699","5,3252","5,3374","5,2626","109,07K","-1,02%"
"20 de set. de 2021","5,3240","5,2851","5,3779","5,2849","112,77K","0,68%"
"17 de set. de 2021","5,2883","5,2568","5,3472","5,2509","84,53K","0,66%"
"16 de set. de 2021","5,2535","5,2375","5,2801","5,2315","81,48K","0,61%"
"15 de set. de 2021","5,2219","5,2408","5,2722","5,2148","76,31K","-0,34%"
"14 de set. de 2021","5,2398","5,2393","5,2642","5,1980","101,04K","0,49%"
"13 de set. de 2021","5,2144","5,2490","5,2659","5,2008","107,23K","-0,59%"
"10 de set. de 2021","5,2454","5,1677","5,2712","5,1637","90,68K","0,92%"
"09 de set. de 2021","5,1976","5,3252","5,3347","5,1930","125,46K","-2,33%"
"08 de set. de 2021","5,3214","5,2016","5,3344","5,1955","79,55K","2,94%"
"07 de set. de 2021","5,1692","5,1705","5,1708","5,1704","","0,00%"
"06 de set. de 2021","5,1693","5,1920","5,2126","5,1547","46,65K","-0,41%"
"03 de set. de 2021","5,1908","5,1830","5,2017","5,1310","89,28K","0,17%"
"02 de set. de 2021","5,1819","5,1864","5,2013","5,1420","71,24K","-0,08%"
"01 de set. de 2021","5,1858","5,1694","5,1984","5,1417","89,93K","0,71%"
"31 de ago. de 2021","5,1492","5,1845","5,1973","5,1154","78,31K","-0,67%"
"30 de ago. de 2021","5,1840","5,1999","5,2266","5,1817","78,41K","-0,30%"
"27 de ago. de 2021","5,1996","5,2577","5,2615","5,1869","86,03K","-1,00%"
"26 de ago. de 2021","5,2522","5,2097","5,2676","5,2097","92,89K","0,78%"
"25 de ago. de 2021","5,2117","5,2482","5,2709","5,2058","88,43K","-0,66%"
"24 de ago. de 2021","5,2463","5,3801","5,3828","5,2452","86,62K","-2,49%"
"23 de ago. de 2021","5,3802","5,3795","5,4023","5,3440","85,95K","0,06%"
"20 de ago. de 2021","5,3770","5,4155","5,4757","5,3656","105,85K","-0,69%"
"19 de ago. de 2021","5,4142","5,4187","5,4560","5,3795","136,01K","0,65%"
"18 de ago. de 2021","5,3794","5,2839","5,3974","5,2625","112,94K","1,60%"
"17 de ago. de 2021","5,2948","5,2820","5,3046","5,2358","106,12K","0,67%"
"16 de ago. de 2021","5,2595","5,2439","5,2971","5,2285","84,12K","0,25%"
"13 de ago. de 2021","5,2466","5,2532","5,2816","5,2198","87,19K","-0,11%"
"12 de ago. de 2021","5,2524","5,2193","5,2618","5,2089","95,19K","0,65%"
"11 de ago. de 2021","5,2185","5,1898","5,2347","5,1636","101,17K","0,56%"
"10 de ago. de 2021","5,1895","5,2334","5,2631","5,1847","107,03K","-0,83%"
"09 de ago. de 2021","5,2331","5,2325","5,2993","5,2146","107,42K","0,06%"
"06 de ago. de 2021","5,2301","5,2467","5,2757","5,2049","111,19K","-0,36%"
"05 de ago. de 2021","5,2488","5,1700","5,2586","5,1101","117,07K","1,55%"
"04 de ago. de 2021","5,1685","5,1975","5,2463","5,1649","91,69K","-0,54%"
"03 de ago. de 2021","5,1967","5,1708","5,2750","5,1651","113,38K","0,43%"
"02 de ago. de 2021","5,1747","5,2158","5,2193","5,1136","101,53K","-0,72%"
"30 de jul. de 2021","5,2123","5,0773","5,2287","5,0754","89,74K","2,58%"
"29 de jul. de 2021","5,0812","5,1165","5,1165","5,0406","92,46K","-0,67%"
"28 de jul. de 2021","5,1157","5,1710","5,1926","5,1040","112,11K","-1,03%"
"27 de jul. de 2021","5,1690","5,1769","5,2061","5,1486","92,09K","-0,14%"
"26 de jul. de 2021","5,1761","5,2051","5,2304","5,1516","68,85K","-0,47%"
"23 de jul. de 2021","5,2006","5,1858","5,2332","5,1583","97,04K","0,01%"
"22 de jul. de 2021","5,2003","5,1887","5,2249","5,1670","98,02K","0,25%"
"21 de jul. de 2021","5,1874","5,2413","5,2782","5,1806","97,75K","-0,63%"
"20 de jul. de 2021","5,2205","5,2526","5,2950","5,2017","102,82K","-0,60%"
"19 de jul. de 2021","5,2519","5,1185","5,2591","5,1185","121,33K","2,68%"
"16 de jul. de 2021","5,1147","5,1129","5,1281","5,0742","100,78K","0,09%"
"15 de jul. de 2021","5,1100","5,0715","5,1389","5,0530","102,67K","0,78%"
"14 de jul. de 2021","5,0706","5,1638","5,1656","5,0666","98,52K","-1,77%"
"13 de jul. de 2021","5,1622","5,1747","5,2232","5,1479","97,98K","-0,21%"
"12 de jul. de 2021","5,1730","5,2586","5,2850","5,1630","78,48K","-1,65%"
"09 de jul. de 2021","5,2597","5,2597","5,2597","5,2597","","0,03%"
"08 de jul. de 2021","5,2579","5,2315","5,3145","5,2186","108,74K","0,50%"
"07 de jul. de 2021","5,2315","5,1969","5,2815","5,1696","99,80K","0,67%"
"06 de jul. de 2021","5,1969","5,0968","5,2175","5,0753","89,93K","2,08%"
"05 de jul. de 2021","5,0910","5,0551","5,1007","5,0459","58,17K","0,66%"
"02 de jul. de 2021","5,0575","5,0507","5,0745","4,9875","79,12K","0,20%"
"01 de jul. de 2021","5,0476","4,9705","5,0557","4,9467","96,93K","1,59%"
"30 de jun. de 2021","4,9686","4,9566","5,0241","4,9527","82,78K","0,26%"
"29 de jun. de 2021","4,9559","4,9325","4,9714","4,9209","69,87K","0,64%"
"28 de jun. de 2021","4,9244","4,9307","4,9724","4,9171","75,97K","-0,18%"
"25 de jun. de 2021","4,9335","4,9143","4,9750","4,8929","78,08K","0,40%"
"24 de jun. de 2021","4,9137","4,9671","4,9720","4,8977","80,80K","-1,07%"
"23 de jun. de 2021","4,9667","4,9577","4,9802","4,9373","87,44K","0,19%"
"22 de jun. de 2021","4,9574","5,0143","5,0459","4,9569","79,06K","-1,11%"
"21 de jun. de 2021","5,0130","5,0753","5,0824","5,0129","75,28K","-1,50%"
"18 de jun. de 2021","5,0894","5,0077","5,1100","4,9815","173,66K","1,67%"
"17 de jun. de 2021","5,0059","5,0587","5,0760","5,0068","145,85K","-0,96%"
"16 de jun. de 2021","5,0545","5,0436","5,0821","4,9921","157,86K","0,21%"
"15 de jun. de 2021","5,0437","5,0601","5,1052","5,0378","115,38K","-0,32%"
"14 de jun. de 2021","5,0601","5,1153","5,1190","5,0539","90,90K","-1,11%"
"11 de jun. de 2021","5,1171","5,0590","5,1395","5,0530","109,84K","1,22%"
"10 de jun. de 2021","5,0552","5,0650","5,0922","5,0323","128,46K","-0,14%"
"09 de jun. de 2021","5,0621","5,0363","5,0863","5,0181","112,00K","0,59%"
"08 de jun. de 2021","5,0325","5,0468","5,0689","5,0205","101,33K","-0,25%"
"07 de jun. de 2021","5,0451","5,0466","5,0703","5,0172","101,83K","-0,09%"
"04 de jun. de 2021","5,0495","5,1135","5,1154","5,0320","111,35K","-0,55%"
"03 de jun. de 2021","5,0775","5,0786","5,0786","5,0780","0,02K","0,04%"
"02 de jun. de 2021","5,0754","5,1515","5,1754","5,0671","114,79K","-1,47%"
"01 de jun. de 2021","5,1509","5,2210","5,2212","5,1399","103,78K","-1,27%"
"31 de mai. de 2021","5,2172","5,2228","5,2632","5,1982","69,48K","-0,14%"
"28 de mai. de 2021","5,2244","5,2400","5,2664","5,2088","50,56K","-0,27%"
"27 de mai. de 2021","5,2383","5,3120","5,3133","5,2346","130,09K","-1,38%"
"26 de mai. de 2021","5,3115","5,3289","5,3435","5,2867","99,80K","-0,37%"
"25 de mai. de 2021","5,3312","5,3204","5,3474","5,2941","110,56K","0,26%"
"24 de mai. de 2021","5,3175","5,3664","5,3746","5,3095","94,87K","-0,82%"
"21 de mai. de 2021","5,3617","5,2843","5,3710","5,2703","117,38K","1,50%"
"20 de mai. de 2021","5,2825","5,3098","5,3109","5,2698","113,45K","-0,51%"
"19 de mai. de 2021","5,3094","5,2608","5,3261","5,2586","157,46K","0,93%"
"18 de mai. de 2021","5,2605","5,2754","5,2814","5,2298","124,01K","-0,24%"
"17 de mai. de 2021","5,2729","5,2725","5,3205","5,2442","126,95K","0,00%"
"14 de mai. de 2021","5,2728","5,3090","5,3090","5,2442","119,09K","-0,68%"
"13 de mai. de 2021","5,3090","5,3043","5,3331","5,2519","159,84K","0,05%"
"12 de mai. de 2021","5,3061","5,2227","5,3198","5,2105","162,59K","1,63%"
"11 de mai. de 2021","5,2208","5,2273","5,2823","5,2031","143,00K","-0,12%"
"10 de mai. de 2021","5,2272","5,2340","5,2526","5,1964","122,87K","-0,18%"
"07 de mai. de 2021","5,2368","5,2768","5,2952","5,2025","128,10K","-0,74%"
"06 de mai. de 2021","5,2760","5,3573","5,3752","5,2567","138,96K","-1,46%"
"05 de mai. de 2021","5,3542","5,4455","5,4478","5,3512","122,08K","-1,64%"
"04 de mai. de 2021","5,4435","5,4398","5,4843","5,4113","124,90K","0,03%"
"03 de mai. de 2021","5,4420","5,4360","5,4561","5,3727","119,13K","0,10%"
"30 de abr. de 2021","5,4366","5,3383","5,4489","5,3351","138,67K","1,86%"
"29 de abr. de 2021","5,3375","5,3428","5,3798","5,3274","130,19K","-0,10%"
"28 de abr. de 2021","5,3430","5,4526","5,4561","5,3429","150,99K","-1,95%"
"27 de abr. de 2021","5,4490","5,4366","5,4673","5,4097","139,03K","0,23%"
"26 de abr. de 2021","5,4364","5,4757","5,4904","5,4318","127,29K","-0,71%"
"23 de abr. de 2021","5,4751","5,4446","5,5240","5,4239","135,51K","0,56%"
"22 de abr. de 2021","5,4448","5,5669","5,5669","5,4373","170,09K","-2,23%"
"21 de abr. de 2021","5,5690","5,5692","5,5695","5,5692","0,00K","0,01%"
"20 de abr. de 2021","5,5687","5,5461","5,5883","5,5022","141,46K","0,41%"
"19 de abr. de 2021","5,5461","5,5873","5,6224","5,5262","143,03K","-0,76%"
"16 de abr. de 2021","5,5883","5,6142","5,6781","5,5658","128,32K","-0,50%"
"15 de abr. de 2021","5,6162","5,6540","5,6603","5,5951","126,64K","-0,64%"
"14 de abr. de 2021","5,6526","5,7180","5,7359","5,6452","137,43K","-1,12%"
"13 de abr. de 2021","5,7166","5,7340","5,7562","5,6629","130,08K","-0,29%"
"12 de abr. de 2021","5,7333","5,6822","5,7425","5,6300","106,38K","0,90%"
"09 de abr. de 2021","5,6821","5,5682","5,6852","5,5665","95,99K","1,98%"
"08 de abr. de 2021","5,5720","5,6136","5,6174","5,5381","118,68K","-0,75%"
"07 de abr. de 2021","5,6143","5,5904","5,6550","5,5474","121,65K","0,43%"
"06 de abr. de 2021","5,5904","5,6642","5,6698","5,5742","105,80K","-1,29%"
"05 de abr. de 2021","5,6632","5,7100","5,7101","5,6323","102,60K","-0,78%"
"02 de abr. de 2021","5,7075","5,7080","5,7080","5,7080","","0,01%"
"01 de abr. de 2021","5,7071","5,6330","5,7276","5,6080","77,22K","1,34%"
"31 de mar. de 2021","5,6315","5,7740","5,7768","5,6214","99,02K","-2,48%"
"30 de mar. de 2021","5,7745","5,7824","5,8034","5,7200","120,72K","-0,09%"
"29 de mar. de 2021","5,7799","5,7550","5,8069","5,7359","135,47K","0,40%"
"26 de mar. de 2021","5,7566","5,6473","5,7589","5,6448","122,43K","1,93%"
"25 de mar. de 2021","5,6475","5,6213","5,6821","5,6174","182,57K","0,47%"
"24 de mar. de 2021","5,6209","5,5216","5,6432","5,4891","153,97K","1,80%"
"23 de mar. de 2021","5,5214","5,5045","5,5509","5,4640","132,80K","0,31%"
"22 de mar. de 2021","5,5045","5,5087","5,5483","5,4936","103,85K","0,23%"
"19 de mar. de 2021","5,4917","5,5609","5,5640","5,4482","143,97K","-1,24%"
"18 de mar. de 2021","5,5604","5,5860","5,5860","5,4763","139,47K","-0,41%"
"17 de mar. de 2021","5,5832","5,6249","5,6827","5,5688","156,81K","-0,74%"
"16 de mar. de 2021","5,6246","5,6252","5,6344","5,5574","128,71K","0,16%"
"15 de mar. de 2021","5,6156","5,5501","5,6568","5,5310","131,95K","1,15%"
"12 de mar. de 2021","5,5518","5,5362","5,5873","5,5324","109,58K","0,29%"
"11 de mar. de 2021","5,5357","5,6078","5,6215","5,5257","133,82K","-2,40%"
"10 de mar. de 2021","5,6720","5,7902","5,8144","5,6443","180,37K","-2,25%"
"09 de mar. de 2021","5,8025","5,8753","5,8787","5,7675","186,79K","-1,24%"
"08 de mar. de 2021","5,8755","5,6898","5,8769","5,6898","206,04K","3,25%"
"05 de mar. de 2021","5,6908","5,6697","5,7232","5,6517","200,72K","0,38%"
"04 de mar. de 2021","5,6693","5,5700","5,6852","5,5438","185,24K","0,89%"
"03 de mar. de 2021","5,6193","5,6872","5,7729","5,5806","183,71K","-1,00%"
"02 de mar. de 2021","5,6761","5,6421","5,7340","5,6386","132,60K","0,61%"
"01 de mar. de 2021","5,6418","5,5870","5,6427","5,5553","125,05K","0,77%"
"26 de fev. de 2021","5,5986","5,5340","5,6093","5,4905","168,11K","1,23%"
"25 de fev. de 2021","5,5308","5,4450","5,5390","5,4173","183,87K","2,30%"
"24 de fev. de 2021","5,4062","5,4409","5,4454","5,3895","136,10K","-0,64%"
"23 de fev. de 2021","5,4409","5,4692","5,4843","5,4075","201,79K","-0,46%"
"22 de fev. de 2021","5,4659","5,5128","5,5342","5,4296","151,54K","1,55%"
"19 de fev. de 2021","5,3823","5,4267","5,4706","5,3670","130,38K","-0,82%"
"18 de fev. de 2021","5,4270","5,3877","5,4535","5,3854","128,84K","0,30%"
"17 de fev. de 2021","5,4105","5,3707","5,4331","5,3707","65,79K","0,76%"
"16 de fev. de 2021","5,3695","5,3685","5,3707","5,3685","0,00K","-0,01%"
"15 de fev. de 2021","5,3701","5,3701","5,3701","5,3701","","0,01%"
"12 de fev. de 2021","5,3698","5,3953","5,4127","5,3542","116,06K","0,06%"
"11 de fev. de 2021","5,3665","5,3882","5,4118","5,3330","145,59K","-0,36%"
"10 de fev. de 2021","5,3860","5,3790","5,4378","5,3485","149,78K","0,15%"
"09 de fev. de 2021","5,3781","5,3660","5,4478","5,3535","129,78K","0,23%"
"08 de fev. de 2021","5,3657","5,4040","5,4208","5,3042","131,74K","-0,09%"
"05 de fev. de 2021","5,3704","5,4270","5,4562","5,3436","114,36K","-1,04%"
"04 de fev. de 2021","5,4266","5,3552","5,4571","5,3544","124,01K","1,37%"
"03 de fev. de 2021","5,3534","5,3663","5,3945","5,3201","127,33K","-0,27%"
"02 de fev. de 2021","5,3680","5,4326","5,4326","5,3425","138,24K","-1,18%"
"01 de fev. de 2021","5,4322","5,4663","5,4863","5,4205","121,40K","-0,55%"
"29 de jan. de 2021","5,4625","5,4390","5,5061","5,4189","185,91K","0,40%"
"28 de jan. de 2021","5,4410","5,4250","5,4604","5,3898","187,81K","0,50%"
"27 de jan. de 2021","5,4138","5,3556","5,4205","5,3491","202,31K","1,09%"
"26 de jan. de 2021","5,3552","5,4711","5,4783","5,3119","134,58K","-2,04%"
"25 de jan. de 2021","5,4665","5,4670","5,4670","5,4670","","0,00%"
"22 de jan. de 2021","5,4666","5,3547","5,4875","5,3547","117,18K","2,17%"
"21 de jan. de 2021","5,3506","5,2544","5,4006","5,2314","123,90K","1,11%"
"20 de jan. de 2021","5,2917","5,3589","5,3589","5,2823","104,34K","-1,23%"
"19 de jan. de 2021","5,3578","5,2691","5,3685","5,2420","128,83K","1,17%"
"18 de jan. de 2021","5,2957","5,3025","5,3229","5,2355","74,51K","0,06%"
"15 de jan. de 2021","5,2927","5,1971","5,3108","5,1971","126,16K","1,85%"
"14 de jan. de 2021","5,1967","5,2991","5,3034","5,1910","160,39K","-1,93%"
"13 de jan. de 2021","5,2990","5,3233","5,3550","5,2702","179,94K","-0,44%"
"12 de jan. de 2021","5,3226","5,4893","5,4942","5,3116","156,05K","-3,03%"
"11 de jan. de 2021","5,4890","5,4666","5,5166","5,4491","154,34K","1,31%"
"08 de jan. de 2021","5,4178","5,4108","5,4408","5,3208","191,81K","0,14%"
"07 de jan. de 2021","5,4101","5,3169","5,4187","5,2989","169,63K","1,81%"
"06 de jan. de 2021","5,3139","5,2863","5,3597","5,2318","225,65K","0,54%"
"05 de jan. de 2021","5,2854","5,2955","5,3547","5,2515","179,01K","-0,22%"
"04 de jan. de 2021","5,2968","5,1351","5,2972","5,1197","163,79K","1,98%"
"01 de jan. de 2021","5,1940","5,1940","5,1940","5,1940","","0,00%"
"31 de dez. de 2020","5,1940","5,1940","5,1940","5,1940","","0,01%"
"30 de dez. de 2020","5,1937","5,2051","5,2361","5,1519","88,73K","-0,31%"
"29 de dez. de 2020","5,2099","5,2460","5,2473","5,1645","105,57K","-0,69%"
"28 de dez. de 2020","5,2461","5,1784","5,3124","5,1639","101,12K","0,56%"
"25 de dez. de 2020","5,2167","5,2167","5,2167","5,2167","","0,00%"
"24 de dez. de 2020","5,2165","5,2168","5,2168","5,2168","","0,00%"
"23 de dez. de 2020","5,2164","5,1604","5,2215","5,1287","118,18K","1,10%"
"22 de dez. de 2020","5,1597","5,1220","5,1731","5,1094","135,36K","0,73%"
"21 de dez. de 2020","5,1222","5,2012","5,2250","5,1122","134,51K","0,39%"
"18 de dez. de 2020","5,1022","5,0592","5,1177","5,0592","136,13K","0,87%"
"17 de dez. de 2020","5,0582","5,0601","5,0890","5,0421","106,34K","-0,50%"
"16 de dez. de 2020","5,0838","5,0823","5,1440","5,0645","126,86K","-0,01%"
"15 de dez. de 2020","5,0842","5,1145","5,1248","5,0761","103,74K","-0,68%"
"14 de dez. de 2020","5,1189","5,0383","5,1307","5,0100","113,97K","1,05%"
"11 de dez. de 2020","5,0656","5,0438","5,0886","5,0288","117,43K","0,80%"
"10 de dez. de 2020","5,0256","5,1109","5,1328","5,0143","138,49K","-2,81%"
"09 de dez. de 2020","5,1708","5,1206","5,1981","5,0868","132,36K","0,99%"
"08 de dez. de 2020","5,1202","5,1000","5,1392","5,0627","118,78K","0,42%"
"07 de dez. de 2020","5,0990","5,1597","5,1701","5,0570","111,66K","-1,10%"
"04 de dez. de 2020","5,1557","5,1540","5,1846","5,1164","106,16K","0,08%"
"03 de dez. de 2020","5,1515","5,2178","5,2310","5,1209","117,93K","-1,26%"
"02 de dez. de 2020","5,2175","5,2252","5,2554","5,2059","103,51K","0,22%"
"01 de dez. de 2020","5,2061","5,3158","5,3301","5,2031","122,34K","-2,36%"
"30 de nov. de 2020","5,3319","5,2906","5,3971","5,2737","121,58K","-0,22%"
"27 de nov. de 2020","5,3438","5,3360","5,3801","5,3195","69,73K","0,14%"
"26 de nov. de 2020","5,3365","5,3198","5,3584","5,2955","48,26K","0,24%"
"25 de nov. de 2020","5,3237","5,3740","5,3956","5,3037","100,20K","-0,93%"
"24 de nov. de 2020","5,3736","5,4409","5,4450","5,3703","91,58K","-1,20%"
"23 de nov. de 2020","5,4390","5,3780","5,4507","5,3387","119,52K","1,10%"
"20 de nov. de 2020","5,3797","5,2913","5,3959","5,2847","99,71K","1,40%"
"19 de nov. de 2020","5,3054","5,3633","5,3805","5,2972","112,58K","-1,07%"
"18 de nov. de 2020","5,3629","5,3285","5,3725","5,2740","126,97K","0,65%"
"17 de nov. de 2020","5,3281","5,4165","5,4233","5,3221","120,52K","-1,61%"
"16 de nov. de 2020","5,4152","5,4148","5,4584","5,3636","133,56K","-0,79%"
"13 de nov. de 2020","5,4582","5,4580","5,5264","5,4497","122,14K","0,00%"
"12 de nov. de 2020","5,4581","5,4160","5,4904","5,3526","138,19K","1,24%"
"11 de nov. de 2020","5,3910","5,4180","5,4571","5,3738","121,57K","-0,44%"
"10 de nov. de 2020","5,4147","5,3737","5,4190","5,3345","192,18K","0,54%"
"09 de nov. de 2020","5,3858","5,2746","5,4260","5,2235","202,44K","0,39%"
"06 de nov. de 2020","5,3647","5,5255","5,5742","5,3586","166,00K","-2,90%"
"05 de nov. de 2020","5,5250","5,6129","5,6310","5,5223","146,37K","-2,45%"
"04 de nov. de 2020","5,6635","5,7565","5,7655","5,6434","134,76K","-1,61%"
"03 de nov. de 2020","5,7560","5,6964","5,7667","5,6487","107,43K","0,24%"
"02 de nov. de 2020","5,7425","5,7430","5,7430","5,7430","","-0,04%"
"30 de out. de 2020","5,7446","5,7781","5,8084","5,7217","169,76K","-0,60%"
"29 de out. de 2020","5,7790","5,7466","5,7923","5,7439","151,21K","0,58%"
"28 de out. de 2020","5,7457","5,7060","5,7927","5,7017","200,63K","0,70%"
"27 de out. de 2020","5,7055","5,6243","5,7127","5,5986","102,77K","1,47%"
"26 de out. de 2020","5,6229","5,6551","5,6638","5,6100","119,59K","0,10%"
"23 de out. de 2020","5,6175","5,5929","5,6354","5,5651","103,42K","0,50%"
"22 de out. de 2020","5,5893","5,6088","5,6264","5,5627","118,23K","-0,31%"
"21 de out. de 2020","5,6066","5,6058","5,6294","5,5707","130,39K","0,02%"
"20 de out. de 2020","5,6054","5,6103","5,6267","5,5472","130,23K","-0,03%"
"19 de out. de 2020","5,6069","5,6463","5,6503","5,5665","123,91K","-0,64%"
"16 de out. de 2020","5,6428","5,6097","5,6549","5,5975","104,67K","0,54%"
"15 de out. de 2020","5,6126","5,5958","5,6483","5,5886","144,04K","0,38%"
"14 de out. de 2020","5,5912","5,5729","5,6055","5,5349","127,89K","0,39%"
"13 de out. de 2020","5,5693","5,5263","5,6262","5,5210","131,78K","0,68%"
"12 de out. de 2020","5,5316","5,5316","5,5316","5,5316","","0,00%"
"09 de out. de 2020","5,5318","5,6000","5,6013","5,5104","116,89K","-1,19%"
"08 de out. de 2020","5,5987","5,6128","5,6469","5,5761","132,28K","-0,20%"
"07 de out. de 2020","5,6097","5,5613","5,6396","5,5507","153,56K","0,30%"
"06 de out. de 2020","5,5930","5,5745","5,6174","5,4830","174,53K","0,34%"
"05 de out. de 2020","5,5743","5,6498","5,6774","5,5500","122,12K","-1,95%"
"02 de out. de 2020","5,6851","5,6433","5,6929","5,6072","168,04K","0,73%"
"01 de out. de 2020","5,6437","5,6109","5,6652","5,5739","148,01K","0,58%"
"30 de set. de 2020","5,6112","5,6352","5,6705","5,5870","183,30K","-0,41%"
"29 de set. de 2020","5,6344","5,6614","5,6786","5,6061","163,25K","-0,50%"
"28 de set. de 2020","5,6627","5,5135","5,6760","5,5127","130,06K","1,80%"
"25 de set. de 2020","5,5624","5,5097","5,5890","5,5097","139,29K","0,97%"
"24 de set. de 2020","5,5089","5,5930","5,6243","5,4926","177,56K","-1,53%"
"23 de set. de 2020","5,5943","5,4702","5,5991","5,4700","136,86K","2,26%"
"22 de set. de 2020","5,4704","5,4146","5,4967","5,3828","150,16K","1,06%"
"21 de set. de 2020","5,4131","5,4511","5,4979","5,3876","142,42K","0,47%"
"18 de set. de 2020","5,3876","5,2397","5,3988","5,2391","129,11K","2,83%"
"17 de set. de 2020","5,2394","5,2379","5,2924","5,2264","128,05K","0,03%"
"16 de set. de 2020","5,2377","5,2762","5,2785","5,2102","136,75K","-0,70%"
"15 de set. de 2020","5,2748","5,2698","5,3016","5,2192","126,53K","0,08%"
"14 de set. de 2020","5,2706","5,3191","5,3235","5,2613","108,01K","-0,91%"
"11 de set. de 2020","5,3189","5,3209","5,3495","5,2583","120,76K","-0,04%"
"10 de set. de 2020","5,3210","5,3095","5,3325","5,2681","130,50K","0,25%"
"09 de set. de 2020","5,3078","5,3615","5,3620","5,2785","103,16K","-1,04%"
"08 de set. de 2020","5,3638","5,3608","5,4096","5,3156","147,82K","1,21%"
"07 de set. de 2020","5,2997","5,2997","5,2997","5,2997","","-0,03%"
"04 de set. de 2020","5,3012","5,2901","5,3285","5,2465","145,33K","0,19%"
"03 de set. de 2020","5,2914","5,3408","5,3752","5,2722","150,52K","-0,92%"
"02 de set. de 2020","5,3403","5,3987","5,4309","5,3407","125,49K","-1,03%"
"01 de set. de 2020","5,3960","5,4927","5,4927","5,3344","110,74K","-1,74%"
"31 de ago. de 2020","5,4914","5,3850","5,4955","5,3850","99,21K","1,92%"
"28 de ago. de 2020","5,3881","5,5700","5,5702","5,3855","113,32K","-3,25%"
"27 de ago. de 2020","5,5691","5,6060","5,6223","5,5435","141,64K","-0,65%"
"26 de ago. de 2020","5,6054","5,5090","5,6342","5,5089","106,65K","1,78%"
"25 de ago. de 2020","5,5075","5,6112","5,6136","5,5049","102,60K","-1,83%"
"24 de ago. de 2020","5,6100","5,5773","5,6148","5,5589","88,21K","-0,16%"
"21 de ago. de 2020","5,6192","5,5587","5,6332","5,5554","102,64K","1,12%"
"20 de ago. de 2020","5,5568","5,5573","5,6733","5,5381","126,75K","-0,01%"
"19 de ago. de 2020","5,5575","5,4674","5,5619","5,4345","107,21K","1,66%"
"18 de ago. de 2020","5,4666","5,5098","5,5168","5,4206","97,98K","-0,77%"
"17 de ago. de 2020","5,5090","5,4410","5,5149","5,4089","96,37K","1,63%"
"14 de ago. de 2020","5,4204","5,3699","5,4422","5,3573","108,86K","0,96%"
"13 de ago. de 2020","5,3690","5,4356","5,4362","5,3490","114,20K","-1,18%"
"12 de ago. de 2020","5,4333","5,3819","5,4925","5,3819","115,28K","0,99%"
"11 de ago. de 2020","5,3800","5,4809","5,4822","5,3716","129,16K","-1,85%"
"10 de ago. de 2020","5,4812","5,4395","5,4907","5,3517","103,33K","0,79%"
"07 de ago. de 2020","5,4383","5,3442","5,4394","5,3401","94,66K","2,00%"
"06 de ago. de 2020","5,3315","5,2915","5,3721","5,2915","97,53K","0,78%"
"05 de ago. de 2020","5,2902","5,2439","5,3204","5,2317","105,88K","0,00%"
"04 de ago. de 2020","5,2900","5,3205","5,3775","5,2744","104,60K","-0,59%"
"03 de ago. de 2020","5,3213","5,2223","5,3364","5,2115","90,48K","1,86%"
"31 de jul. de 2020","5,2240","5,1541","5,2298","5,1531","100,17K","1,37%"
"30 de jul. de 2020","5,1534","5,1705","5,2165","5,1435","103,91K","-0,31%"
"29 de jul. de 2020","5,1692","5,1383","5,1845","5,1145","102,56K","0,31%"
"28 de jul. de 2020","5,1533","5,1493","5,2045","5,1346","100,20K","0,17%"
"27 de jul. de 2020","5,1447","5,2332","5,2332","5,1410","93,03K","-1,69%"
"24 de jul. de 2020","5,2329","5,2127","5,2533","5,1596","131,85K","0,42%"
"23 de jul. de 2020","5,2112","5,1191","5,2262","5,1188","137,93K","1,85%"
"22 de jul. de 2020","5,1166","5,1707","5,2028","5,0827","108,58K","-1,06%"
"21 de jul. de 2020","5,1713","5,3291","5,3291","5,1647","120,19K","-2,95%"
"20 de jul. de 2020","5,3283","5,3870","5,3913","5,3269","92,53K","-1,05%"
"17 de jul. de 2020","5,3849","5,3243","5,3923","5,3155","85,14K","1,01%"
"16 de jul. de 2020","5,3311","5,3697","5,3928","5,3064","105,74K","-0,72%"
"15 de jul. de 2020","5,3698","5,3096","5,3910","5,2917","111,15K","0,04%"
"14 de jul. de 2020","5,3674","5,4032","5,4542","5,3306","147,55K","-0,68%"
"13 de jul. de 2020","5,4040","5,3130","5,4098","5,3105","105,92K","1,51%"
"10 de jul. de 2020","5,3238","5,3390","5,3946","5,3128","123,63K","-0,33%"
"09 de jul. de 2020","5,3413","5,3450","5,3788","5,2450","135,24K","-0,02%"
"08 de jul. de 2020","5,3422","5,3840","5,3941","5,3178","120,12K","-0,68%"
"07 de jul. de 2020","5,3790","5,3559","5,4017","5,2880","110,18K","0,43%"
"06 de jul. de 2020","5,3562","5,3150","5,3592","5,2609","93,06K","0,76%"
"03 de jul. de 2020","5,3158","5,3523","5,3807","5,3047","67,23K","-0,82%"
"02 de jul. de 2020","5,3596","5,3185","5,3752","5,2656","113,98K","0,79%"
"01 de jul. de 2020","5,3174","5,4660","5,4763","5,2985","101,37K","-2,72%"
"30 de jun. de 2020","5,4661","5,4005","5,5082","5,4005","106,56K","1,16%"
"29 de jun. de 2020","5,4034","5,4847","5,4847","5,3892","123,46K","-1,47%"
"26 de jun. de 2020","5,4840","5,3608","5,4931","5,3608","134,75K","2,39%"
"25 de jun. de 2020","5,3561","5,3476","5,3802","5,2663","139,70K","0,18%"
"24 de jun. de 2020","5,3467","5,1525","5,3549","5,1525","141,75K","3,73%"
"23 de jun. de 2020","5,1542","5,2524","5,2537","5,1336","103,45K","-1,87%"
"22 de jun. de 2020","5,2524","5,2904","5,2968","5,1972","110,56K","-1,09%"
"19 de jun. de 2020","5,3105","5,3780","5,3821","5,2881","139,44K","-1,25%"
"18 de jun. de 2020","5,3776","5,2291","5,3884","5,2277","136,42K","2,85%"
"17 de jun. de 2020","5,2286","5,2446","5,2716","5,1814","131,61K","-0,27%"
"16 de jun. de 2020","5,2430","5,1173","5,2549","5,0477","177,79K","1,69%"
"15 de jun. de 2020","5,1557","5,1314","5,2260","5,0786","162,46K","2,08%"
"12 de jun. de 2020","5,0505","4,9774","5,1118","4,9765","176,63K","1,50%"
"11 de jun. de 2020","4,9760","4,9740","4,9765","4,9740","0,00K","0,06%"
"10 de jun. de 2020","4,9732","4,9000","4,9789","4,8380","135,72K","1,51%"
"09 de jun. de 2020","4,8992","4,8229","4,9359","4,8229","112,82K","1,58%"
"08 de jun. de 2020","4,8230","4,9619","4,9774","4,8175","102,97K","-2,73%"
"05 de jun. de 2020","4,9585","5,1186","5,1196","4,9328","119,45K","-3,14%"
"04 de jun. de 2020","5,1190","5,0624","5,1418","5,0244","130,19K","1,12%"
"03 de jun. de 2020","5,0622","5,2007","5,2109","5,0159","115,09K","-2,68%"
"02 de jun. de 2020","5,2014","5,3672","5,3700","5,1989","89,48K","-3,02%"
"01 de jun. de 2020","5,3633","5,3340","5,4196","5,3100","99,54K","0,51%"
"29 de mai. de 2020","5,3361","5,4049","5,4630","5,3190","119,11K","-1,27%"
"28 de mai. de 2020","5,4045","5,2743","5,4113","5,2743","105,35K","2,49%"
"27 de mai. de 2020","5,2733","5,3418","5,3610","5,2691","102,88K","-1,34%"
"26 de mai. de 2020","5,3450","5,4432","5,4432","5,3340","104,03K","-1,86%"
"25 de mai. de 2020","5,4461","5,4942","5,5301","5,4321","60,09K","-1,58%"
"22 de mai. de 2020","5,5338","5,5536","5,6256","5,5229","105,55K","-0,30%"
"21 de mai. de 2020","5,5507","5,6925","5,7062","5,5473","90,88K","-2,49%"
"20 de mai. de 2020","5,6925","5,7559","5,7572","5,6694","85,84K","-1,07%"
"19 de mai. de 2020","5,7540","5,7192","5,7687","5,6820","99,88K","0,61%"
"18 de mai. de 2020","5,7190","5,8565","5,8565","5,6942","82,46K","-2,33%"
"15 de mai. de 2020","5,8554","5,8110","5,8734","5,7590","118,18K","0,76%"
"14 de mai. de 2020","5,8115","5,9248","5,9718","5,8022","118,51K","-1,25%"
"13 de mai. de 2020","5,8852","5,8863","5,9440","5,8176","95,62K","-0,01%"
"12 de mai. de 2020","5,8856","5,8190","5,8949","5,7420","82,42K","1,16%"
"11 de mai. de 2020","5,8180","5,7825","5,8404","5,7651","77,67K","1,50%"
"08 de mai. de 2020","5,7319","5,8123","5,8285","5,7178","86,98K","-1,69%"
"07 de mai. de 2020","5,8307","5,7158","5,8770","5,7158","103,44K","2,04%"
"06 de mai. de 2020","5,7140","5,5750","5,7235","5,5750","71,70K","2,43%"
"05 de mai. de 2020","5,5783","5,5424","5,6044","5,4818","82,01K","0,60%"
"04 de mai. de 2020","5,5450","5,6141","5,6143","5,5187","88,46K","1,08%"
"01 de mai. de 2020","5,4856","5,4861","5,4861","5,4861","","0,00%"
"30 de abr. de 2020","5,4858","5,3346","5,4875","5,3306","86,78K","2,83%"
"29 de abr. de 2020","5,3348","5,5019","5,5280","5,3340","97,77K","-3,00%"
"28 de abr. de 2020","5,4999","5,6085","5,6221","5,4710","105,68K","-2,70%"
"27 de abr. de 2020","5,6526","5,5427","5,7260","5,5345","105,40K","1,11%"
"24 de abr. de 2020","5,5907","5,5339","5,7484","5,5339","121,53K","1,03%"
"23 de abr. de 2020","5,5335","5,4557","5,5567","5,4008","120,50K","1,38%"
"22 de abr. de 2020","5,4580","5,3184","5,4644","5,3028","86,28K","2,67%"
"21 de abr. de 2020","5,3163","5,3172","5,3176","5,3166","0,01K","-0,01%"
"20 de abr. de 2020","5,3168","5,2864","5,3201","5,2642","80,53K","1,54%"
"17 de abr. de 2020","5,2363","5,2341","5,2761","5,2066","84,20K","0,06%"
"16 de abr. de 2020","5,2333","5,2336","5,2683","5,2007","85,45K","-0,06%"
"15 de abr. de 2020","5,2367","5,2228","5,2684","5,2157","77,63K","1,45%"
"14 de abr. de 2020","5,1621","5,1811","5,2123","5,1484","77,50K","-0,72%"
"13 de abr. de 2020","5,1994","5,1219","5,2088","5,1038","72,28K","1,82%"
"10 de abr. de 2020","5,1063","5,1068","5,1068","5,1068","","-0,01%"
"09 de abr. de 2020","5,1070","5,1260","5,1533","5,0487","85,73K","-0,32%"
"08 de abr. de 2020","5,1233","5,2237","5,2489","5,1112","74,27K","-1,88%"
"07 de abr. de 2020","5,2214","5,2817","5,2868","5,1819","82,69K","-1,23%"
"06 de abr. de 2020","5,2863","5,2998","5,3114","5,2235","76,79K","-1,20%"
"03 de abr. de 2020","5,3506","5,2566","5,3541","5,2557","62,52K","1,85%"
"02 de abr. de 2020","5,2533","5,2485","5,2850","5,2221","66,62K","0,08%"
"01 de abr. de 2020","5,2493","5,2252","5,2747","5,2210","61,41K","0,86%"
"31 de mar. de 2020","5,2046","5,1881","5,2150","5,1680","74,43K","0,21%"
"30 de mar. de 2020","5,1936","5,1180","5,1961","5,1128","63,78K","1,84%"
"27 de mar. de 2020","5,0997","5,0235","5,1283","5,0235","94,83K","1,55%"
"26 de mar. de 2020","5,0219","5,0353","5,0657","4,9733","96,88K","-0,29%"
"25 de mar. de 2020","5,0366","5,1004","5,1115","4,9726","95,40K","-1,23%"
"24 de mar. de 2020","5,0995","5,1441","5,1441","5,0420","71,51K","-0,88%"
"23 de mar. de 2020","5,1447","5,0616","5,1464","5,0045","84,64K","1,59%"
"20 de mar. de 2020","5,0640","5,0015","5,0659","4,9827","77,99K","-0,63%"
"19 de mar. de 2020","5,0960","5,1098","5,2133","5,0679","67,76K","-0,23%"
"18 de mar. de 2020","5,1075","5,0099","5,2550","5,0082","55,97K","1,95%"
"17 de mar. de 2020","5,0100","5,0370","5,0881","4,9607","106,49K","0,19%"
"16 de mar. de 2020","5,0005","4,8593","5,0683","4,8593","91,75K","2,90%"
"13 de mar. de 2020","4,8596","4,7100","4,8816","4,6426","98,50K","1,42%"
"12 de mar. de 2020","4,7916","4,8154","5,0284","4,7496","47,02K","-0,49%"
"11 de mar. de 2020","4,8152","4,6406","4,8289","4,6406","95,78K","3,69%"
"10 de mar. de 2020","4,6439","4,6741","4,6881","4,6352","87,43K","-1,71%"
"09 de mar. de 2020","4,7246","4,7601","4,7954","4,7064","91,76K","2,10%"
"06 de mar. de 2020","4,6272","4,6355","4,6713","4,6101","102,73K","0,43%"
"05 de mar. de 2020","4,6076","4,5988","4,6666","4,5839","80,88K","0,49%"
"04 de mar. de 2020","4,5850","4,5133","4,5880","4,5019","68,83K","1,55%"
"03 de mar. de 2020","4,5148","4,4744","4,5183","4,4517","98,73K","0,90%"
"02 de mar. de 2020","4,4744","4,4950","4,5065","4,4692","70,01K","0,02%"
"28 de fev. de 2020","4,4735","4,5067","4,5138","4,4634","114,12K","-0,29%"
"27 de fev. de 2020","4,4863","4,4485","4,5015","4,4461","104,87K","0,80%"
"26 de fev. de 2020","4,4505","4,3875","4,4553","4,3875","57,73K","1,42%"
"25 de fev. de 2020","4,3883","4,3883","4,3883","4,3875","0,00K","0,00%"
"24 de fev. de 2020","4,3883","4,3883","4,3883","4,3883","0,00K","-0,03%"
"21 de fev. de 2020","4,3897","4,3941","4,4066","4,3700","46,31K","-0,09%"
"20 de fev. de 2020","4,3935","4,3651","4,3981","4,3573","51,08K","0,65%"
"19 de fev. de 2020","4,3653","4,3567","4,3778","4,3564","35,81K","0,22%"
"18 de fev. de 2020","4,3559","4,3281","4,3641","4,3252","37,33K","0,66%"
"17 de fev. de 2020","4,3272","4,2999","4,3317","4,2968","24,48K","0,69%"
"14 de fev. de 2020","4,2976","4,3506","4,3506","4,2903","47,43K","-1,21%"
"13 de fev. de 2020","4,3502","4,3552","4,3834","4,3075","58,31K","-0,11%"
"12 de fev. de 2020","4,3552","4,3323","4,3557","4,3231","43,05K","0,54%"
"11 de fev. de 2020","4,3318","4,3250","4,3405","4,2962","54,07K","0,15%"
"10 de fev. de 2020","4,3251","4,3204","4,3289","4,3034","42,52K","0,10%"
"07 de fev. de 2020","4,3206","4,2825","4,3238","4,2794","57,71K","0,89%"
"06 de fev. de 2020","4,2825","4,2356","4,2862","4,2083","55,57K","1,10%"
"05 de fev. de 2020","4,2357","4,2555","4,2611","4,2257","41,77K","-0,45%"
"04 de fev. de 2020","4,2547","4,2478","4,2622","4,2228","40,28K","0,16%"
"03 de fev. de 2020","4,2480","4,2805","4,2830","4,2294","41,59K","-0,80%"
"31 de jan. de 2020","4,2824","4,2440","4,2904","4,2440","66,32K","0,92%"
"30 de jan. de 2020","4,2432","4,2305","4,2722","4,2304","68,01K","0,30%"
"29 de jan. de 2020","4,2306","4,1950","4,2326","4,1806","49,77K","0,86%"
"28 de jan. de 2020","4,1945","4,2111","4,2164","4,1863","49,05K","-0,31%"
"27 de jan. de 2020","4,2077","4,1835","4,2317","4,1799","54,32K","0,62%"
"24 de jan. de 2020","4,1816","4,1706","4,1916","4,1646","47,03K","0,26%"
"23 de jan. de 2020","4,1707","4,1829","4,1904","4,1551","43,72K","-0,29%"
"22 de jan. de 2020","4,1829","4,2011","4,2056","4,1716","37,24K","-0,71%"
"21 de jan. de 2020","4,2126","4,1885","4,2174","4,1826","42,22K","0,53%"
"20 de jan. de 2020","4,1902","4,1654","4,1917","4,1624","18,50K","0,68%"
"17 de jan. de 2020","4,1620","4,1851","4,1935","4,1584","51,64K","-0,55%"
"16 de jan. de 2020","4,1851","4,1754","4,2006","4,1585","58,63K","0,23%"
"15 de jan. de 2020","4,1756","4,1313","4,1859","4,1303","49,45K","1,03%"
"14 de jan. de 2020","4,1330","4,1477","4,1616","4,1205","51,17K","-0,34%"
"13 de jan. de 2020","4,1469","4,0894","4,1469","4,0877","41,20K","1,24%"
"10 de jan. de 2020","4,0962","4,0938","4,1045","4,0612","40,92K","0,08%"
"09 de jan. de 2020","4,0928","4,0647","4,0933","4,0570","44,33K","0,69%"
"08 de jan. de 2020","4,0649","4,0677","4,0784","4,0396","51,89K","-0,07%"
"07 de jan. de 2020","4,0679","4,0622","4,0924","4,0543","36,55K","0,15%"
"06 de jan. de 2020","4,0618","4,0565","4,0743","4,0458","31,86K","-0,13%"
"03 de jan. de 2020","4,0672","4,0253","4,0718","4,0253","43,89K","1,02%"
"02 de jan. de 2020","4,0263","4,0198","4,0412","4,0032","31,67K","0,17%"
"01 de jan. de 2020","4,0195","4,0195","4,0195","4,0195","","0,00%"
"31 de dez. de 2019","4,0195","4,0201","4,0201","4,0195","0,00K","0,00%"
"30 de dez. de 2019","4,0195","4,0484","4,0484","4,0084","23,18K","-0,65%"
"27 de dez. de 2019","4,0459","4,0567","4,0614","4,0339","26,83K","-0,25%"
"26 de dez. de 2019","4,0560","4,0827","4,0827","4,0453","23,72K","-0,68%"
"25 de dez. de 2019","4,0838","4,0838","4,0838","4,0838","","0,00%"
"24 de dez. de 2019","4,0838","4,0838","4,0838","4,0838","","0,00%"
"23 de dez. de 2019","4,0836","4,1015","4,1015","4,0571","28,35K","-0,46%"
"20 de dez. de 2019","4,1025","4,0706","4,1025","4,0576","38,26K","0,81%"
"19 de dez. de 2019","4,0697","4,0633","4,0703","4,0503","32,92K","0,16%"
"18 de dez. de 2019","4,0634","4,0687","4,0764","4,0463","35,09K","-0,21%"
"17 de dez. de 2019","4,0718","4,0631","4,0779","4,0503","30,89K","0,21%"
"16 de dez. de 2019","4,0632","4,1096","4,1096","4,0544","32,11K","-1,10%"
"13 de dez. de 2019","4,1082","4,0913","4,1178","4,0751","54,45K","0,43%"
"12 de dez. de 2019","4,0908","4,1241","4,1311","4,0813","55,40K","-0,81%"
"11 de dez. de 2019","4,1242","4,1466","4,1470","4,1067","42,58K","-0,55%"
"10 de dez. de 2019","4,1470","4,1429","4,1513","4,1323","40,12K","0,11%"
"09 de dez. de 2019","4,1425","4,1417","4,1608","4,1229","32,29K","0,03%"
"06 de dez. de 2019","4,1414","4,1859","4,1947","4,1330","43,08K","-1,07%"
"05 de dez. de 2019","4,1860","4,2080","4,2236","4,1764","38,57K","-0,52%"
"04 de dez. de 2019","4,2080","4,2056","4,2104","4,1817","42,35K","0,03%"
"03 de dez. de 2019","4,2066","4,2237","4,2245","4,1840","46,41K","-0,40%"
"02 de dez. de 2019","4,2234","4,2365","4,2536","4,2070","45,71K","-0,31%"
"29 de nov. de 2019","4,2367","4,1896","4,2457","4,1824","43,33K","1,11%"
"28 de nov. de 2019","4,1903","4,2643","4,2659","4,1900","39,54K","-1,72%"
"27 de nov. de 2019","4,2638","4,2294","4,2709","4,2264","38,00K","0,72%"
"26 de nov. de 2019","4,2332","4,2271","4,2773","4,2271","60,57K","0,15%"
"25 de nov. de 2019","4,2269","4,1989","4,2311","4,1868","37,93K","0,72%"
"22 de nov. de 2019","4,1966","4,1943","4,2011","4,1719","43,23K","0,08%"
"21 de nov. de 2019","4,1932","4,1951","4,2241","4,1821","56,82K","-0,08%"
"20 de nov. de 2019","4,1965","4,1942","4,1980","4,1942","0,01K","0,05%"
"19 de nov. de 2019","4,1945","4,2055","4,2194","4,1851","50,31K","-0,56%"
"18 de nov. de 2019","4,2180","4,1780","4,2197","4,1692","40,67K","0,52%"
"15 de nov. de 2019","4,1962","4,1962","4,1962","4,1962","","0,03%"
"14 de nov. de 2019","4,1951","4,1700","4,1989","4,1617","50,26K","0,59%"
"13 de nov. de 2019","4,1705","4,1694","4,1900","4,1625","57,75K","0,07%"
"12 de nov. de 2019","4,1677","4,1531","4,1877","4,1421","62,53K","0,38%"
"11 de nov. de 2019","4,1518","4,1667","4,1713","4,1351","37,99K","-0,28%"
"08 de nov. de 2019","4,1635","4,1143","4,1707","4,1079","56,33K","1,53%"
"07 de nov. de 2019","4,1007","4,0833","4,1035","4,0413","61,38K","0,42%"
"06 de nov. de 2019","4,0837","3,9936","4,0903","3,9747","58,59K","2,25%"
"05 de nov. de 2019","3,9938","4,0125","4,0239","3,9828","44,96K","-0,54%"
"04 de nov. de 2019","4,0156","3,9886","4,0198","3,9743","38,79K","0,63%"
"01 de nov. de 2019","3,9904","4,0179","4,0208","3,9691","55,39K","-0,70%"
"31 de out. de 2019","4,0184","3,9932","4,0383","3,9638","50,33K","0,69%"
"30 de out. de 2019","3,9909","4,0000","4,0331","3,9823","51,74K","-0,19%"
"29 de out. de 2019","3,9986","3,9915","4,0052","3,9834","45,45K","0,19%"
"28 de out. de 2019","3,9910","4,0027","4,0097","3,9725","39,48K","-0,32%"
"25 de out. de 2019","4,0038","4,0427","4,0427","3,9913","44,12K","-0,93%"
"24 de out. de 2019","4,0414","4,0380","4,0465","3,9994","48,65K","0,17%"
"23 de out. de 2019","4,0345","4,0812","4,0930","4,0274","50,87K","-1,16%"
"22 de out. de 2019","4,0819","4,1291","4,1313","4,0598","57,61K","-1,15%"
"21 de out. de 2019","4,1294","4,1114","4,1524","4,1114","42,19K","0,43%"
"18 de out. de 2019","4,1118","4,1646","4,1667","4,1098","53,80K","-1,26%"
"17 de out. de 2019","4,1643","4,1519","4,1818","4,1269","59,77K","0,30%"
"16 de out. de 2019","4,1518","4,1801","4,1878","4,1476","50,11K","-0,69%"
"15 de out. de 2019","4,1807","4,1261","4,1814","4,1210","46,29K","1,31%"
"14 de out. de 2019","4,1265","4,1073","4,1383","4,1073","27,88K","0,41%"
"11 de out. de 2019","4,1097","4,1070","4,1261","4,0802","67,43K","0,00%"
"10 de out. de 2019","4,1095","4,1101","4,1377","4,0891","67,57K","-0,02%"
"09 de out. de 2019","4,1104","4,0965","4,1120","4,0705","51,23K","0,37%"
"08 de out. de 2019","4,0954","4,1074","4,1137","4,0739","57,47K","-0,28%"
"07 de out. de 2019","4,1071","4,0563","4,1096","4,0560","49,72K","1,27%"
"04 de out. de 2019","4,0556","4,0845","4,0856","4,0496","53,21K","-0,70%"
"03 de out. de 2019","4,0840","4,1296","4,1305","4,0743","56,83K","-1,10%"
"02 de out. de 2019","4,1293","4,1580","4,1821","4,1270","51,36K","-0,72%"
"01 de out. de 2019","4,1591","4,1576","4,1862","4,1524","48,79K","0,08%"
"30 de set. de 2019","4,1556","4,1618","4,1720","4,1411","38,76K","-0,11%"
"27 de set. de 2019","4,1602","4,1706","4,1712","4,1437","45,22K","-0,26%"
"26 de set. de 2019","4,1711","4,1475","4,1733","4,1208","51,66K","0,53%"
"25 de set. de 2019","4,1491","4,1648","4,1956","4,1448","50,50K","-0,38%"
"24 de set. de 2019","4,1650","4,1643","4,1842","4,1531","50,14K","0,03%"
"23 de set. de 2019","4,1638","4,1495","4,1850","4,1447","38,40K","0,38%"
"20 de set. de 2019","4,1480","4,1678","4,1842","4,1461","58,31K","-0,48%"
"19 de set. de 2019","4,1678","4,1109","4,1688","4,1076","51,43K","1,38%"
"18 de set. de 2019","4,1112","4,0779","4,1147","4,0726","51,73K","0,82%"
"17 de set. de 2019","4,0777","4,0944","4,1170","4,0708","48,23K","-0,08%"
"16 de set. de 2019","4,0810","4,0854","4,1070","4,0745","39,02K","-0,10%"
"13 de set. de 2019","4,0849","4,0615","4,0959","4,0429","44,45K","0,59%"
"12 de set. de 2019","4,0608","4,0682","4,0712","4,0266","55,21K","-0,18%"
"11 de set. de 2019","4,0680","4,0814","4,0928","4,0507","46,98K","-0,31%"
"10 de set. de 2019","4,0808","4,0963","4,1302","4,0793","60,88K","-0,35%"
"09 de set. de 2019","4,0953","4,0639","4,1050","4,0480","47,06K","0,82%"
"06 de set. de 2019","4,0618","4,1094","4,1094","4,0531","54,47K","-1,16%"
"05 de set. de 2019","4,1095","4,0960","4,1159","4,0703","49,62K","0,35%"
"04 de set. de 2019","4,0951","4,1675","4,1677","4,0887","54,41K","-1,75%"
"03 de set. de 2019","4,1681","4,1860","4,1861","4,1497","63,97K","-0,45%"
"02 de set. de 2019","4,1871","4,1444","4,1901","4,1414","27,28K","1,01%"
"30 de ago. de 2019","4,1454","4,1699","4,1715","4,1197","69,27K","-0,56%"
"29 de ago. de 2019","4,1687","4,1692","4,1776","4,1413","75,68K","0,01%"
"28 de ago. de 2019","4,1682","4,1265","4,1690","4,1265","74,17K","0,90%"
"27 de ago. de 2019","4,1311","4,1579","4,1954","4,1212","90,45K","-0,63%"
"26 de ago. de 2019","4,1571","4,1192","4,1691","4,1022","70,70K","0,91%"
"23 de ago. de 2019","4,1198","4,0703","4,1320","4,0493","116,83K","1,21%"
"22 de ago. de 2019","4,0707","4,0262","4,0811","4,0160","74,36K","1,09%"
"21 de ago. de 2019","4,0269","4,0546","4,0551","4,0129","69,70K","-0,67%"
"20 de ago. de 2019","4,0542","4,0754","4,0761","4,0268","73,23K","-0,49%"
"19 de ago. de 2019","4,0743","4,0023","4,0758","3,9897","70,32K","1,71%"
"16 de ago. de 2019","4,0058","3,9918","4,0080","3,9749","57,97K","0,37%"
"15 de ago. de 2019","3,9910","4,0503","4,0516","3,9785","87,28K","-1,52%"
"14 de ago. de 2019","4,0526","3,9639","4,0539","3,9624","79,78K","2,18%"
"13 de ago. de 2019","3,9660","3,9862","4,0136","3,9454","83,06K","-0,49%"
"12 de ago. de 2019","3,9855","3,9393","4,0126","3,9382","62,76K","1,11%"
"09 de ago. de 2019","3,9416","3,9203","3,9504","3,9200","64,83K","0,55%"
"08 de ago. de 2019","3,9199","3,9694","3,9703","3,9184","68,63K","-1,24%"
"07 de ago. de 2019","3,9691","3,9619","3,9931","3,9448","75,52K","0,20%"
"06 de ago. de 2019","3,9612","3,9758","3,9866","3,9356","71,00K","-0,43%"
"05 de ago. de 2019","3,9783","3,8859","3,9786","3,8859","75,39K","2,29%"
"02 de ago. de 2019","3,8893","3,8411","3,8937","3,8397","68,81K","1,28%"
"01 de ago. de 2019","3,8403","3,8165","3,8618","3,8115","77,21K","0,72%"
"31 de jul. de 2019","3,8129","3,7897","3,8236","3,7474","72,76K","0,59%"
"30 de jul. de 2019","3,7906","3,7824","3,8000","3,7751","36,17K","0,24%"
"29 de jul. de 2019","3,7816","3,7751","3,8007","3,7750","33,87K","0,14%"
"26 de jul. de 2019","3,7762","3,7794","3,7946","3,7592","42,49K","-0,07%"
"25 de jul. de 2019","3,7790","3,7743","3,8067","3,7545","48,58K","0,14%"
"24 de jul. de 2019","3,7736","3,7750","3,7797","3,7520","30,65K","0,00%"
"23 de jul. de 2019","3,7737","3,7405","3,7794","3,7402","37,22K","0,88%"
"22 de jul. de 2019","3,7407","3,7456","3,7481","3,7288","28,36K","-0,23%"
"19 de jul. de 2019","3,7494","3,7199","3,7550","3,7199","40,36K","0,81%"
"18 de jul. de 2019","3,7194","3,7645","3,7645","3,7179","35,30K","-1,19%"
"17 de jul. de 2019","3,7641","3,7693","3,7693","3,7542","29,73K","-0,12%"
"16 de jul. de 2019","3,7687","3,7559","3,7717","3,7515","37,83K","0,32%"
"15 de jul. de 2019","3,7567","3,7367","3,7588","3,7281","32,87K","0,52%"
"12 de jul. de 2019","3,7373","3,7577","3,7644","3,7304","40,56K","-0,47%"
"11 de jul. de 2019","3,7551","3,7549","3,7675","3,7346","48,46K","0,01%"
"10 de jul. de 2019","3,7546","3,7882","3,7941","3,7495","52,11K","-1,21%"
"09 de jul. de 2019","3,8005","3,8076","3,8076","3,8005","0,07K","-0,18%"
"08 de jul. de 2019","3,8073","3,8160","3,8179","3,7991","34,33K","-0,39%"
"05 de jul. de 2019","3,8221","3,8024","3,8386","3,7976","48,09K","0,55%"
"04 de jul. de 2019","3,8011","3,8265","3,8293","3,7828","41,81K","-0,68%"
"03 de jul. de 2019","3,8272","3,8468","3,8758","3,8150","70,45K","-0,48%"
"02 de jul. de 2019","3,8456","3,8412","3,8813","3,8182","74,79K","0,13%"
"01 de jul. de 2019","3,8405","3,8375","3,8488","3,8086","44,43K","-0,30%"
"28 de jun. de 2019","3,8520","3,8189","3,8520","3,8128","43,82K","0,85%"
"27 de jun. de 2019","3,8196","3,8461","3,8728","3,8171","52,24K","-0,65%"
"26 de jun. de 2019","3,8445","3,8480","3,8590","3,8315","48,08K","-0,09%"
"25 de jun. de 2019","3,8480","3,8264","3,8590","3,8182","51,71K","0,59%"
"24 de jun. de 2019","3,8254","3,8216","3,8381","3,8065","38,98K","0,16%"
"21 de jun. de 2019","3,8192","3,8313","3,8458","3,8119","50,41K","-0,52%"
"20 de jun. de 2019","3,8390","3,8387","3,8397","3,8387","","0,00%"
"19 de jun. de 2019","3,8390","3,8603","3,8840","3,8376","60,72K","-0,55%"
"18 de jun. de 2019","3,8604","3,8899","3,8899","3,8490","54,00K","-0,72%"
"17 de jun. de 2019","3,8883","3,8966","3,9245","3,8792","58,87K","-0,20%"
"14 de jun. de 2019","3,8959","3,8491","3,9135","3,8479","71,56K","1,23%"
"13 de jun. de 2019","3,8487","3,8670","3,8675","3,8342","53,70K","-0,48%"
"12 de jun. de 2019","3,8672","3,8574","3,8723","3,8294","54,99K","0,26%"
"11 de jun. de 2019","3,8571","3,8871","3,8871","3,8421","50,35K","-0,81%"
"10 de jun. de 2019","3,8887","3,8763","3,9002","3,8674","48,90K","0,25%"
"07 de jun. de 2019","3,8789","3,8806","3,8864","3,8505","58,91K","-0,03%"
"06 de jun. de 2019","3,8799","3,8812","3,8879","3,8563","72,08K","-0,03%"
"05 de jun. de 2019","3,8811","3,8568","3,9036","3,8357","76,72K","0,68%"
"04 de jun. de 2019","3,8548","3,8857","3,8899","3,8486","69,58K","-0,80%"
"03 de jun. de 2019","3,8859","3,9233","3,9349","3,8823","78,04K","-0,94%"
"31 de mai. de 2019","3,9228","3,9802","3,9988","3,9090","82,06K","-1,48%"
"30 de mai. de 2019","3,9818","3,9743","3,9931","3,9542","62,35K","0,18%"
"29 de mai. de 2019","3,9747","4,0247","4,0408","3,9677","60,92K","-1,24%"
"28 de mai. de 2019","4,0247","4,0432","4,0539","4,0101","67,45K","-0,44%"
"27 de mai. de 2019","4,0423","4,0134","4,0440","4,0042","28,46K","0,49%"
"24 de mai. de 2019","4,0225","4,0425","4,0485","4,0092","61,17K","-0,44%"
"23 de mai. de 2019","4,0401","4,0405","4,0717","4,0255","70,94K","0,00%"
"22 de mai. de 2019","4,0403","4,0383","4,0531","4,0062","73,69K","0,03%"
"21 de mai. de 2019","4,0390","4,0966","4,1136","4,0329","74,18K","-1,41%"
"20 de mai. de 2019","4,0968","4,1014","4,1217","4,0774","82,87K","-0,08%"
"17 de mai. de 2019","4,0999","4,0480","4,1129","4,0472","82,02K","1,31%"
"16 de mai. de 2019","4,0470","4,0014","4,0542","3,9932","61,23K","1,13%"
"15 de mai. de 2019","4,0017","3,9765","4,0218","3,9735","63,15K","0,67%"
"14 de mai. de 2019","3,9751","3,9926","3,9952","3,9661","56,77K","-0,47%"
"13 de mai. de 2019","3,9939","3,9770","4,0058","3,9733","71,44K","0,93%"
"10 de mai. de 2019","3,9572","3,9470","3,9736","3,9363","60,19K","0,27%"
"09 de mai. de 2019","3,9466","3,9283","3,9818","3,9283","55,69K","0,46%"
"08 de mai. de 2019","3,9285","3,9708","3,9781","3,9250","54,72K","-1,07%"
"07 de mai. de 2019","3,9710","3,9710","4,0006","3,9640","54,28K","0,04%"
"06 de mai. de 2019","3,9695","3,9386","3,9753","3,9386","43,09K","0,79%"
"03 de mai. de 2019","3,9382","3,9669","3,9684","3,9304","57,52K","-0,70%"
"02 de mai. de 2019","3,9661","3,9198","3,9722","3,9182","57,39K","1,17%"
"01 de mai. de 2019","3,9202","3,9201","3,9220","3,9182","0,09K","-0,03%"
"30 de abr. de 2019","3,9215","3,9453","3,9573","3,9127","60,21K","-0,61%"
"29 de abr. de 2019","3,9456","3,9304","3,9466","3,9214","46,15K","0,42%"
"26 de abr. de 2019","3,9292","3,9505","3,9757","3,9195","57,68K","-0,63%"
"25 de abr. de 2019","3,9542","3,9918","4,0071","3,9467","63,80K","-0,96%"
"24 de abr. de 2019","3,9927","3,9204","3,9942","3,9185","69,94K","1,83%"
"23 de abr. de 2019","3,9211","3,9370","3,9648","3,9131","53,30K","-0,39%"
"22 de abr. de 2019","3,9365","3,9268","3,9394","3,9127","41,11K","0,23%"
"19 de abr. de 2019","3,9275","3,9275","3,9275","3,9275","","0,01%"
"18 de abr. de 2019","3,9273","3,9409","3,9523","3,9047","55,11K","-0,28%"
"17 de abr. de 2019","3,9382","3,9052","3,9477","3,8859","58,95K","0,88%"
"16 de abr. de 2019","3,9040","3,8730","3,9085","3,8687","51,12K","0,82%"
"15 de abr. de 2019","3,8723","3,8811","3,8908","3,8588","56,26K","-0,25%"
"12 de abr. de 2019","3,8819","3,8584","3,9080","3,8574","67,19K","0,61%"
"11 de abr. de 2019","3,8582","3,8264","3,8636","3,8264","52,65K","0,87%"
"10 de abr. de 2019","3,8251","3,8511","3,8542","3,8144","49,45K","-0,67%"
"09 de abr. de 2019","3,8510","3,8501","3,8650","3,8461","52,52K","0,04%"
"08 de abr. de 2019","3,8495","3,8720","3,8773","3,8415","47,02K","-0,62%"
"05 de abr. de 2019","3,8735","3,8589","3,8766","3,8415","60,14K","0,38%"
"04 de abr. de 2019","3,8590","3,8708","3,8876","3,8472","61,69K","-0,28%"
"03 de abr. de 2019","3,8700","3,8538","3,8823","3,8326","58,16K","0,42%"
"02 de abr. de 2019","3,8537","3,8524","3,8800","3,8483","63,25K","0,05%"
"01 de abr. de 2019","3,8518","3,8897","3,8932","3,8492","54,77K","-1,86%"
"29 de mar. de 2019","3,9247","3,9016","3,9347","3,8679","82,29K","0,61%"
"28 de mar. de 2019","3,9010","3,9927","4,0159","3,8982","96,08K","-2,32%"
"27 de mar. de 2019","3,9935","3,8739","4,0018","3,8724","98,70K","3,00%"
"26 de mar. de 2019","3,8773","3,8529","3,8794","3,8334","72,25K","0,59%"
"25 de mar. de 2019","3,8544","3,9047","3,9374","3,8438","80,01K","-1,35%"
"22 de mar. de 2019","3,9071","3,7928","3,9169","3,7928","94,82K","3,01%"
"21 de mar. de 2019","3,7930","3,7761","3,8382","3,7639","77,33K","0,44%"
"20 de mar. de 2019","3,7763","3,7921","3,7994","3,7386","72,90K","-0,34%"
"19 de mar. de 2019","3,7892","3,7912","3,8002","3,7646","48,73K","-0,06%"
"18 de mar. de 2019","3,7915","3,8161","3,8277","3,7832","52,61K","-0,60%"
"15 de mar. de 2019","3,8144","3,8453","3,8726","3,8082","60,80K","-0,78%"
"14 de mar. de 2019","3,8442","3,8156","3,8556","3,8143","60,26K","0,77%"
"13 de mar. de 2019","3,8147","3,8113","3,8352","3,7995","62,85K","0,09%"
"12 de mar. de 2019","3,8114","3,8399","3,8445","3,8009","74,15K","-0,75%"
"11 de mar. de 2019","3,8403","3,8678","3,8685","3,8342","70,38K","-0,69%"
"08 de mar. de 2019","3,8669","3,8708","3,9032","3,8493","80,65K","-0,09%"
"07 de mar. de 2019","3,8704","3,8404","3,9028","3,8159","91,17K","0,79%"
"06 de mar. de 2019","3,8400","3,7763","3,8450","3,7747","42,59K","1,71%"
"05 de mar. de 2019","3,7755","3,7755","3,7755","3,7755","","0,00%"
"04 de mar. de 2019","3,7755","3,7742","3,7755","3,7742","0,05K","0,01%"
"01 de mar. de 2019","3,7752","3,7511","3,7956","3,7455","70,19K","0,63%"
"28 de fev. de 2019","3,7514","3,7258","3,7592","3,7171","77,19K","0,61%"
"27 de fev. de 2019","3,7287","3,7444","3,7478","3,7217","66,12K","-0,54%"
"26 de fev. de 2019","3,7489","3,7519","3,7666","3,7378","70,24K","-0,09%"
"25 de fev. de 2019","3,7522","3,7469","3,7523","3,7194","61,75K","0,10%"
"22 de fev. de 2019","3,7485","3,7683","3,7683","3,7262","64,59K","-0,56%"
"21 de fev. de 2019","3,7695","3,7256","3,7721","3,7149","70,21K","1,12%"
"20 de fev. de 2019","3,7277","3,7243","3,7372","3,6900","73,72K","0,13%"
"19 de fev. de 2019","3,7230","3,7334","3,7448","3,7028","61,67K","-0,33%"
"18 de fev. de 2019","3,7353","3,7012","3,7422","3,7012","44,11K","0,93%"
"15 de fev. de 2019","3,7008","3,7203","3,7264","3,6983","73,21K","-0,60%"
"14 de fev. de 2019","3,7233","3,7514","3,7952","3,7137","81,43K","-0,83%"
"13 de fev. de 2019","3,7544","3,7104","3,7619","3,7104","72,41K","1,20%"
"12 de fev. de 2019","3,7098","3,7437","3,7470","3,7021","73,26K","-1,27%"
"11 de fev. de 2019","3,7577","3,7312","3,7747","3,7274","65,13K","0,76%"
"08 de fev. de 2019","3,7292","3,7195","3,7477","3,7026","81,98K","0,34%"
"07 de fev. de 2019","3,7167","3,6996","3,7375","3,6990","88,29K","0,50%"
"06 de fev. de 2019","3,6983","3,6696","3,7161","3,6672","75,25K","0,77%"
"05 de fev. de 2019","3,6699","3,6636","3,6846","3,6609","70,48K","0,03%"
"04 de fev. de 2019","3,6687","3,6597","3,6877","3,6592","68,75K","0,25%"
"01 de fev. de 2019","3,6597","3,6455","3,6822","3,6376","72,65K","0,43%"
"31 de jan. de 2019","3,6440","3,6865","3,6865","3,6358","83,29K","-1,11%"
"30 de jan. de 2019","3,6850","3,7205","3,7321","3,6741","76,38K","-0,95%"
"29 de jan. de 2019","3,7202","3,7617","3,7648","3,7150","65,15K","-1,11%"
"28 de jan. de 2019","3,7619","3,7780","3,7878","3,7500","64,27K","-0,23%"
"25 de jan. de 2019","3,7707","3,7713","3,7713","3,7707","0,00K","-0,07%"
"24 de jan. de 2019","3,7733","3,7746","3,7955","3,7381","59,57K","0,19%"
"23 de jan. de 2019","3,7663","3,7943","3,8134","3,7561","54,05K","-1,28%"
"22 de jan. de 2019","3,8152","3,7545","3,8173","3,7457","56,60K","1,60%"
"21 de jan. de 2019","3,7550","3,7609","3,7811","3,7541","34,70K","0,09%"
"18 de jan. de 2019","3,7517","3,7480","3,7743","3,7285","58,60K","0,03%"
"17 de jan. de 2019","3,7504","3,7329","3,7744","3,7262","58,18K","0,37%"
"16 de jan. de 2019","3,7366","3,7151","3,7381","3,7084","15,40K","0,52%"
"15 de jan. de 2019","3,7172","3,7025","3,7326","3,6947","21,18K","0,49%"
"14 de jan. de 2019","3,6990","3,7120","3,7358","3,6845","0,34K","-0,33%"
"11 de jan. de 2019","3,7113","3,6943","3,7300","3,6913","12,53K","0,02%"
"10 de jan. de 2019","3,7105","3,6807","3,7249","3,6746","0,00K","0,81%"
"09 de jan. de 2019","3,6807","3,7138","3,7155","3,6743","48,59K","-0,88%"
"08 de jan. de 2019","3,7133","3,7373","3,7412","3,7034","49,06K","-0,60%"
"07 de jan. de 2019","3,7356","3,7139","3,7384","3,6898","44,59K","0,54%"
"04 de jan. de 2019","3,7155","3,7593","3,7850","3,7088","56,28K","-1,09%"
"03 de jan. de 2019","3,7565","3,7960","3,8074","3,7376","55,71K","-0,88%"
"02 de jan. de 2019","3,7900","3,8786","3,8971","3,7828","44,05K","-2,35%"
"01 de jan. de 2019","3,8812","3,8812","3,8812","3,8812","","0,00%"
"31 de dez. de 2018","3,8812","3,8812","3,8812","3,8812","","0,00%"
"28 de dez. de 2018","3,8812","3,8769","3,8956","3,8297","","0,20%"
"27 de dez. de 2018","3,8735","3,9202","3,9456","3,8685","","-1,24%"
"26 de dez. de 2018","3,9220","3,9040","3,9405","3,8918","","0,46%"
"25 de dez. de 2018","3,9040","3,9040","3,9040","3,9040","","0,00%"
"24 de dez. de 2018","3,9040","3,9040","3,9040","3,9040","","0,00%"
"21 de dez. de 2018","3,9040","3,8408","3,9071","3,8393","","1,61%"
"20 de dez. de 2018","3,8422","3,8971","3,8971","3,8327","","-1,42%"
"19 de dez. de 2018","3,8977","3,9015","3,9138","3,8634","","-0,38%"
"18 de dez. de 2018","3,9124","3,8970","3,9173","3,8836","","0,33%"
"17 de dez. de 2018","3,8995","3,9173","3,9285","3,8772","","-0,45%"
"14 de dez. de 2018","3,9171","3,9113","3,9210","3,8877","","0,67%"
"13 de dez. de 2018","3,8911","3,8551","3,8974","3,8507","","0,92%"
"12 de dez. de 2018","3,8555","3,8936","3,8997","3,8362","","-1,24%"
"11 de dez. de 2018","3,9040","3,9202","3,9226","3,8876","","-0,36%"
"10 de dez. de 2018","3,9181","3,9076","3,9455","3,8913","","0,27%"
"07 de dez. de 2018","3,9075","3,8817","3,9239","3,8571","","0,73%"
"06 de dez. de 2018","3,8793","3,8910","3,9445","3,8733","","0,28%"
"05 de dez. de 2018","3,8686","3,8517","3,8832","3,8341","","0,42%"
"04 de dez. de 2018","3,8525","3,8290","3,8675","3,8177","","0,27%"
"03 de dez. de 2018","3,8423","3,8677","3,8677","3,8161","","-0,64%"
"30 de nov. de 2018","3,8669","3,8496","3,8888","3,8380","","0,37%"
"29 de nov. de 2018","3,8528","3,8517","3,8751","3,8331","","0,05%"
"28 de nov. de 2018","3,8510","3,8789","3,8879","3,8318","","-0,62%"
"27 de nov. de 2018","3,8752","3,9228","3,9241","3,8619","","-1,67%"
"26 de nov. de 2018","3,9410","3,8184","3,9452","3,8171","","2,95%"
"23 de nov. de 2018","3,8282","3,8036","3,8305","3,7949","","0,62%"
"22 de nov. de 2018","3,8045","3,7904","3,8269","3,7902","","0,18%"
"21 de nov. de 2018","3,7976","3,7560","3,8034","3,7560","","1,08%"
"20 de nov. de 2018","3,7572","3,7563","3,7572","3,7563","","0,01%"
"19 de nov. de 2018","3,7570","3,7473","3,7736","3,7427","","0,36%"
"16 de nov. de 2018","3,7435","3,7723","3,7827","3,7296","","-1,08%"
"15 de nov. de 2018","3,7843","3,7843","3,7843","3,7843","","0,01%"
"14 de nov. de 2018","3,7841","3,8032","3,8194","3,7661","","-0,50%"
"13 de nov. de 2018","3,8032","3,7561","3,8313","3,7529","","0,95%"
"12 de nov. de 2018","3,7675","3,7487","3,7696","3,7361","","0,91%"
"09 de nov. de 2018","3,7335","3,7610","3,7750","3,7252","","-0,72%"
"08 de nov. de 2018","3,7605","3,7297","3,7642","3,7158","","0,77%"
"07 de nov. de 2018","3,7318","3,7618","3,7874","3,7220","","-0,79%"
"06 de nov. de 2018","3,7615","3,7270","3,7701","3,7237","","0,95%"
"05 de nov. de 2018","3,7262","3,6968","3,7326","3,6910","","0,80%"
"02 de nov. de 2018","3,6967","3,7039","3,7039","3,6963","","-0,12%"
"01 de nov. de 2018","3,7012","3,7232","3,7241","3,6799","","-0,56%"
"31 de out. de 2018","3,7220","3,6969","3,7445","3,6854","","0,67%"
"30 de out. de 2018","3,6974","3,7175","3,7359","3,6768","","-0,57%"
"29 de out. de 2018","3,7187","3,6437","3,7226","3,5819","","2,08%"
"26 de out. de 2018","3,6429","3,7059","3,7302","3,6395","","-1,70%"
"25 de out. de 2018","3,7058","3,7360","3,7360","3,6818","","-0,78%"
"24 de out. de 2018","3,7350","3,6950","3,7475","3,6827","","1,10%"
"23 de out. de 2018","3,6943","3,6883","3,7237","3,6856","","0,23%"
"22 de out. de 2018","3,6860","3,6954","3,7214","3,6698","","-0,78%"
"19 de out. de 2018","3,7149","3,7220","3,7273","3,6875","","-0,18%"
"18 de out. de 2018","3,7217","3,6875","3,7313","3,6726","","0,93%"
"17 de out. de 2018","3,6875","3,7242","3,7460","3,6640","","-1,01%"
"16 de out. de 2018","3,7252","3,7355","3,7363","3,6913","","-0,28%"
"15 de out. de 2018","3,7358","3,7561","3,7645","3,7126","","-1,25%"
"12 de out. de 2018","3,7830","3,7838","3,7838","3,7824","","0,05%"
"11 de out. de 2018","3,7812","3,7565","3,7858","3,7159","","0,68%"
"10 de out. de 2018","3,7555","3,7163","3,7687","3,7109","","1,08%"
"09 de out. de 2018","3,7155","3,7818","3,7911","3,7005","","-1,68%"
"08 de out. de 2018","3,7790","3,7275","3,7825","3,7093","","-1,62%"
"05 de out. de 2018","3,8413","3,8742","3,8950","3,8376","","-0,86%"
"04 de out. de 2018","3,8745","3,9017","3,9355","3,8732","","-0,69%"
"03 de out. de 2018","3,9015","3,9415","3,9415","3,8220","","-1,01%"
"02 de out. de 2018","3,9414","4,0186","4,0188","3,9058","","-1,91%"
"01 de out. de 2018","4,0181","4,0500","4,0633","4,0037","","-0,77%"
"28 de set. de 2018","4,0491","4,0147","4,0580","3,9898","","0,92%"
"27 de set. de 2018","4,0123","4,0343","4,0553","3,9665","","-0,49%"
"26 de set. de 2018","4,0322","4,0792","4,0945","4,0095","","-1,06%"
"25 de set. de 2018","4,0756","4,0893","4,1418","4,0681","","-0,42%"
"24 de set. de 2018","4,0928","4,0656","4,0975","4,0362","","1,02%"
"21 de set. de 2018","4,0516","4,0770","4,0958","4,0278","","-0,63%"
"20 de set. de 2018","4,0771","4,1273","4,1311","4,0671","","-1,32%"
"19 de set. de 2018","4,1315","4,1631","4,1763","4,0976","","-0,69%"
"18 de set. de 2018","4,1604","4,1342","4,1651","4,1174","","0,68%"
"17 de set. de 2018","4,1324","4,1744","4,2041","4,1159","","-1,00%"
"14 de set. de 2018","4,1742","4,2064","4,2106","4,1580","","-0,80%"
"13 de set. de 2018","4,2077","4,1616","4,2101","4,1244","","1,20%"
"12 de set. de 2018","4,1579","4,1528","4,1677","4,1106","","0,11%"
"11 de set. de 2018","4,1535","4,0864","4,1798","4,0864","","1,63%"
"10 de set. de 2018","4,0867","4,0679","4,1280","4,0524","","0,67%"
"07 de set. de 2018","4,0596","4,0596","4,0596","4,0596","","0,02%"
"06 de set. de 2018","4,0589","4,1448","4,1659","4,0357","","-2,11%"
"05 de set. de 2018","4,1466","4,1570","4,1863","4,1119","","-0,33%"
"04 de set. de 2018","4,1602","4,1566","4,1907","4,1374","","0,03%"
"03 de set. de 2018","4,1590","4,0926","4,1606","4,0916","","2,55%"
"31 de ago. de 2018","4,0556","4,1486","4,1776","4,0532","","-2,26%"
"30 de ago. de 2018","4,1495","4,1057","4,2150","4,1029","","1,02%"
"29 de ago. de 2018","4,1074","4,1389","4,1647","4,1016","","-0,65%"
"28 de ago. de 2018","4,1342","4,0798","4,1476","4,0617","","1,39%"
"27 de ago. de 2018","4,0775","4,1055","4,1144","4,0470","","-0,60%"
"24 de ago. de 2018","4,1020","4,1146","4,1326","4,0720","","-0,33%"
"23 de ago. de 2018","4,1155","4,0418","4,1284","4,0408","","1,81%"
"22 de ago. de 2018","4,0425","4,0507","4,0915","4,0312","","-0,13%"
"21 de ago. de 2018","4,0478","3,9696","4,0533","3,9557","","1,96%"
"20 de ago. de 2018","3,9700","3,9139","3,9715","3,9139","","1,49%"
"17 de ago. de 2018","3,9116","3,9078","3,9536","3,9036","","0,12%"
"16 de ago. de 2018","3,9071","3,9055","3,9298","3,8673","","0,04%"
"15 de ago. de 2018","3,9055","3,8665","3,9275","3,8660","","0,99%"
"14 de ago. de 2018","3,8673","3,8849","3,9038","3,8590","","-0,43%"
"13 de ago. de 2018","3,8840","3,8585","3,9292","3,8585","","0,63%"
"10 de ago. de 2018","3,8597","3,8019","3,8746","3,8008","","1,53%"
"09 de ago. de 2018","3,8015","3,7718","3,8217","3,7718","","0,78%"
"08 de ago. de 2018","3,7721","3,7525","3,7734","3,7355","","0,55%"
"07 de ago. de 2018","3,7515","3,7370","3,7723","3,7033","","0,41%"
"06 de ago. de 2018","3,7363","3,7047","3,7371","3,6902","","0,76%"
"03 de ago. de 2018","3,7080","3,7519","3,7539","3,7000","","-1,13%"
"02 de ago. de 2018","3,7503","3,7520","3,7822","3,7491","","0,01%"
"01 de ago. de 2018","3,7499","3,7565","3,7703","3,7310","","-0,17%"
"31 de jul. de 2018","3,7564","3,7301","3,7645","3,7221","","0,69%"
"30 de jul. de 2018","3,7307","3,7139","3,7323","3,6956","","0,52%"
"27 de jul. de 2018","3,7114","3,7464","3,7477","3,7065","","-0,93%"
"26 de jul. de 2018","3,7462","3,6886","3,7483","3,6886","","1,56%"
"25 de jul. de 2018","3,6886","3,7483","3,7485","3,6886","","-1,59%"
"24 de jul. de 2018","3,7481","3,7833","3,7872","3,7321","","-0,91%"
"23 de jul. de 2018","3,7827","3,7661","3,8029","3,7661","","0,39%"
"20 de jul. de 2018","3,7681","3,8319","3,8319","3,7584","","-1,60%"
"19 de jul. de 2018","3,8295","3,8495","3,8923","3,8225","","-0,57%"
"18 de jul. de 2018","3,8513","3,8373","3,8647","3,8190","","0,33%"
"17 de jul. de 2018","3,8388","3,8633","3,8801","3,8387","","-0,56%"
"16 de jul. de 2018","3,8605","3,8515","3,8742","3,8337","","0,23%"
"13 de jul. de 2018","3,8518","3,8821","3,9005","3,8441","","-0,78%"
"12 de jul. de 2018","3,8822","3,8745","3,9031","3,8373","","0,13%"
"11 de jul. de 2018","3,8773","3,8169","3,8859","3,8135","","1,63%"
"10 de jul. de 2018","3,8152","3,8837","3,8872","3,7937","","-1,48%"
"09 de jul. de 2018","3,8727","3,8653","3,8727","3,8649","","0,26%"
"06 de jul. de 2018","3,8628","3,9322","3,9530","3,8594","","-1,78%"
"05 de jul. de 2018","3,9327","3,9133","3,9417","3,8856","","0,48%"
"04 de jul. de 2018","3,9138","3,8941","3,9195","3,8855","","0,42%"
"03 de jul. de 2018","3,8975","3,9126","3,9151","3,8731","","-0,40%"
"02 de jul. de 2018","3,9130","3,8791","3,9207","3,8761","","0,93%"
"29 de jun. de 2018","3,8771","3,8582","3,8801","3,8283","","0,38%"
"28 de jun. de 2018","3,8624","3,8610","3,8780","3,8350","","-0,01%"
"27 de jun. de 2018","3,8628","3,7990","3,8773","3,7904","","1,61%"
"26 de jun. de 2018","3,8016","3,7740","3,8033","3,7612","","0,66%"
"25 de jun. de 2018","3,7767","3,7887","3,7887","3,7618","","-0,25%"
"22 de jun. de 2018","3,7860","3,7687","3,7896","3,7353","","0,45%"
"21 de jun. de 2018","3,7691","3,7697","3,8048","3,7535","","-0,06%"
"20 de jun. de 2018","3,7714","3,7447","3,7869","3,7058","","0,65%"
"19 de jun. de 2018","3,7471","3,7471","3,7864","3,7178","","0,00%"
"18 de jun. de 2018","3,7470","3,7310","3,7661","3,7282","","0,46%"
"15 de jun. de 2018","3,7297","3,8060","3,8060","3,7148","","-2,00%"
"14 de jun. de 2018","3,8060","3,7209","3,8162","3,6863","","2,31%"
"13 de jun. de 2018","3,7201","3,7180","3,7386","3,6845","","0,04%"
"12 de jun. de 2018","3,7185","3,7075","3,7300","3,6685","","0,24%"
"11 de jun. de 2018","3,7097","3,7101","3,7306","3,6714","","0,01%"
"08 de jun. de 2018","3,7094","3,9032","3,9068","3,6928","","-5,08%"
"07 de jun. de 2018","3,9078","3,8490","3,9684","3,8467","","1,53%"
"06 de jun. de 2018","3,8488","3,8086","3,8555","3,8049","","1,10%"
"05 de jun. de 2018","3,8068","3,7453","3,8177","3,7453","","1,60%"
"04 de jun. de 2018","3,7468","3,7663","3,7671","3,7260","","-0,44%"
"01 de jun. de 2018","3,7633","3,7250","3,7706","3,7208","","1,07%"
"31 de mai. de 2018","3,7235","3,7251","3,7272","3,7235","","-0,02%"
"30 de mai. de 2018","3,7241","3,7249","3,7678","3,6794","","-0,03%"
"29 de mai. de 2018","3,7254","3,7346","3,7702","3,7116","","-0,26%"
"28 de mai. de 2018","3,7352","3,6522","3,7465","3,6520","","2,27%"
"25 de mai. de 2018","3,6524","3,6463","3,6791","3,6425","","0,08%"
"24 de mai. de 2018","3,6495","3,6274","3,6563","3,6273","","0,57%"
"23 de mai. de 2018","3,6288","3,6452","3,6799","3,6166","","-0,44%"
"22 de mai. de 2018","3,6448","3,6772","3,6789","3,6265","","-0,88%"
"21 de mai. de 2018","3,6772","3,7370","3,7382","3,6710","","-1,60%"
"18 de mai. de 2018","3,7370","3,6975","3,7772","3,6947","","1,09%"
"17 de mai. de 2018","3,6966","3,6748","3,7135","3,6443","","0,56%"
"16 de mai. de 2018","3,6761","3,6536","3,6955","3,6528","","0,60%"
"15 de mai. de 2018","3,6540","3,6240","3,6942","3,6218","","0,85%"
"14 de mai. de 2018","3,6231","3,5992","3,6412","3,5729","","0,64%"
"11 de mai. de 2018","3,5999","3,5495","3,6130","3,5434","","1,40%"
"10 de mai. de 2018","3,5502","3,5937","3,5950","3,5424","","-1,17%"
"09 de mai. de 2018","3,5924","3,5638","3,6101","3,5592","","0,81%"
"08 de mai. de 2018","3,5636","3,5514","3,5941","3,5510","","0,29%"
"07 de mai. de 2018","3,5534","3,5316","3,5598","3,5316","","0,65%"
"04 de mai. de 2018","3,5304","3,5274","3,5493","3,5141","","0,06%"
"03 de mai. de 2018","3,5282","3,5507","3,5673","3,5199","","-0,66%"
"02 de mai. de 2018","3,5518","3,5078","3,5547","3,5078","","1,26%"
"01 de mai. de 2018","3,5076","3,5075","3,5078","3,5074","","0,01%"
"30 de abr. de 2018","3,5072","3,4568","3,5094","3,4568","","1,46%"
"27 de abr. de 2018","3,4568","3,4764","3,4816","3,4533","","-0,54%"
"26 de abr. de 2018","3,4755","3,4851","3,5088","3,4745","","-0,27%"
"25 de abr. de 2018","3,4850","3,4742","3,5160","3,4706","","0,39%"
"24 de abr. de 2018","3,4714","3,4520","3,4813","3,4353","","0,54%"
"23 de abr. de 2018","3,4527","3,4142","3,4538","3,4142","","1,16%"
"20 de abr. de 2018","3,4130","3,3847","3,4182","3,3841","","0,72%"
"19 de abr. de 2018","3,3885","3,3811","3,4106","3,3802","","0,24%"
"18 de abr. de 2018","3,3804","3,4080","3,4097","3,3730","","-0,81%"
"17 de abr. de 2018","3,4079","3,4215","3,4218","3,3887","","-0,34%"
"16 de abr. de 2018","3,4194","3,4251","3,4362","3,4058","","-0,08%"
"13 de abr. de 2018","3,4223","3,4123","3,4307","3,3963","","0,27%"
"12 de abr. de 2018","3,4132","3,3753","3,4203","3,3651","","1,14%"
"11 de abr. de 2018","3,3746","3,4066","3,4246","3,3727","","-1,00%"
"10 de abr. de 2018","3,4088","3,4216","3,4357","3,4001","","-0,33%"
"09 de abr. de 2018","3,4200","3,3697","3,4246","3,3640","","1,49%"
"06 de abr. de 2018","3,3697","3,3453","3,3807","3,3425","","0,74%"
"05 de abr. de 2018","3,3449","3,3310","3,3500","3,2961","","0,46%"
"04 de abr. de 2018","3,3297","3,3411","3,3685","3,3269","","-0,35%"
"03 de abr. de 2018","3,3413","3,3095","3,3443","3,3026","","0,91%"
"02 de abr. de 2018","3,3111","3,3056","3,3251","3,2973","","0,18%"
"30 de mar. de 2018","3,3051","3,3044","3,3051","3,3040","","-0,03%"
"29 de mar. de 2018","3,3060","3,3211","3,3295","3,2926","","-0,44%"
"28 de mar. de 2018","3,3205","3,3288","3,3469","3,3195","","-0,25%"
"27 de mar. de 2018","3,3288","3,3120","3,3371","3,3098","","0,51%"
"26 de mar. de 2018","3,3119","3,3139","3,3146","3,2923","","-0,01%"
"23 de mar. de 2018","3,3123","3,3157","3,3191","3,2936","","-0,11%"
"22 de mar. de 2018","3,3159","3,2727","3,3176","3,2719","","1,33%"
"21 de mar. de 2018","3,2725","3,3127","3,3132","3,2635","","-1,18%"
"20 de mar. de 2018","3,3117","3,2858","3,3119","3,2789","","0,78%"
"19 de mar. de 2018","3,2862","3,2790","3,2969","3,2790","","0,16%"
"16 de mar. de 2018","3,2811","3,2862","3,2997","3,2719","","-0,16%"
"15 de mar. de 2018","3,2862","3,2626","3,2980","3,2614","","0,78%"
"14 de mar. de 2018","3,2607","3,2614","3,2679","3,2466","","0,00%"
"13 de mar. de 2018","3,2607","3,2622","3,2659","3,2371","","-0,05%"
"12 de mar. de 2018","3,2622","3,2561","3,2684","3,2500","","0,21%"
"09 de mar. de 2018","3,2553","3,2669","3,2708","3,2390","","-0,36%"
"08 de mar. de 2018","3,2669","3,2448","3,2703","3,2390","","0,66%"
"07 de mar. de 2018","3,2454","3,2117","3,2486","3,2099","","1,05%"
"06 de mar. de 2018","3,2117","3,2430","3,2439","3,2055","","-0,97%"
"05 de mar. de 2018","3,2430","3,2528","3,2640","3,2415","","-0,30%"
"02 de mar. de 2018","3,2528","3,2516","3,2672","3,2480","","0,04%"
"01 de mar. de 2018","3,2515","3,2462","3,2715","3,2383","","0,16%"
"28 de fev. de 2018","3,2462","3,2516","3,2540","3,2349","","-0,17%"
"27 de fev. de 2018","3,2516","3,2243","3,2555","3,2217","","0,80%"
"26 de fev. de 2018","3,2258","3,2379","3,2426","3,2224","","-0,37%"
"23 de fev. de 2018","3,2379","3,2502","3,2510","3,2322","","-0,38%"
"22 de fev. de 2018","3,2502","3,2687","3,2738","3,2420","","-0,58%"
"21 de fev. de 2018","3,2692","3,2572","3,2729","3,2423","","0,41%"
"20 de fev. de 2018","3,2557","3,2340","3,2614","3,2340","","0,65%"
"19 de fev. de 2018","3,2347","3,2307","3,2383","3,2222","","0,11%"
"16 de fev. de 2018","3,2312","3,2323","3,2477","3,2021","","0,10%"
"15 de fev. de 2018","3,2279","3,2198","3,2412","3,1981","","0,33%"
"14 de fev. de 2018","3,2174","3,2927","3,2971","3,2159","","-2,38%"
"13 de fev. de 2018","3,2957","3,2957","3,2957","3,2957","","0,01%"
"12 de fev. de 2018","3,2954","3,2954","3,2954","3,2954","","0,04%"
"09 de fev. de 2018","3,2942","3,2860","3,3188","3,2673","","0,26%"
"08 de fev. de 2018","3,2858","3,2714","3,3030","3,2558","","0,44%"
"07 de fev. de 2018","3,2714","3,2480","3,2836","3,2371","","1,13%"
"06 de fev. de 2018","3,2348","3,2628","3,2782","3,2322","","-0,85%"
"05 de fev. de 2018","3,2625","3,2181","3,2657","3,2130","","1,38%"
"02 de fev. de 2018","3,2181","3,1671","3,2234","3,1671","","1,62%"
"01 de fev. de 2018","3,1669","3,1854","3,1964","3,1613","","-0,60%"
"31 de jan. de 2018","3,1859","3,1839","3,1951","3,1454","","0,15%"
"30 de jan. de 2018","3,1812","3,1550","3,1949","3,1477","","0,83%"
"29 de jan. de 2018","3,1550","3,1530","3,1718","3,1530","","0,13%"
"26 de jan. de 2018","3,1510","3,1481","3,1560","3,1195","","0,08%"
"25 de jan. de 2018","3,1485","3,1464","3,1485","3,1464","","0,06%"
"24 de jan. de 2018","3,1465","3,2375","3,2400","3,1345","","-2,80%"
"23 de jan. de 2018","3,2370","3,2036","3,2441","3,2012","","1,09%"
"22 de jan. de 2018","3,2021","3,1961","3,2113","3,1816","","0,18%"
"19 de jan. de 2018","3,1962","3,2082","3,2149","3,1936","","-0,32%"
"18 de jan. de 2018","3,2065","3,2240","3,2245","3,2011","","-0,54%"
"17 de jan. de 2018","3,2238","3,2264","3,2386","3,2113","","-0,02%"
"16 de jan. de 2018","3,2243","3,2168","3,2377","3,2114","","0,25%"
"15 de jan. de 2018","3,2163","3,2054","3,2206","3,1912","","0,31%"
"12 de jan. de 2018","3,2064","3,2161","3,2305","3,1989","","-0,28%"
"11 de jan. de 2018","3,2155","3,2283","3,2401","3,2117","","-0,40%"
"10 de jan. de 2018","3,2283","3,2519","3,2557","3,2252","","-0,62%"
"09 de jan. de 2018","3,2483","3,2413","3,2553","3,2291","","0,23%"
"08 de jan. de 2018","3,2407","3,2289","3,2445","3,2227","","0,36%"
"05 de jan. de 2018","3,2291","3,2348","3,2493","3,2263","","-0,17%"
"04 de jan. de 2018","3,2347","3,2374","3,2428","3,2214","","-0,07%"
"03 de jan. de 2018","3,2370","3,2590","3,2680","3,2311","","-0,68%"
"02 de jan. de 2018","3,2591","3,3136","3,3136","3,2570","","-1,61%"
"01 de jan. de 2018","3,3125","3,3125","3,3125","3,3125","","0,00%"